[{"model": "contenttypes.contenttype", "pk": 1, "fields": {"app_label": "admin", "model": "logentry"}}, {"model": "contenttypes.contenttype", "pk": 2, "fields": {"app_label": "auth", "model": "permission"}}, {"model": "contenttypes.contenttype", "pk": 3, "fields": {"app_label": "auth", "model": "group"}}, {"model": "contenttypes.contenttype", "pk": 4, "fields": {"app_label": "auth", "model": "user"}}, {"model": "contenttypes.contenttype", "pk": 5, "fields": {"app_label": "contenttypes", "model": "contenttype"}}, {"model": "contenttypes.contenttype", "pk": 6, "fields": {"app_label": "sessions", "model": "session"}}, {"model": "contenttypes.contenttype", "pk": 7, "fields": {"app_label": "main_app", "model": "degreeprogram"}}, {"model": "contenttypes.contenttype", "pk": 8, "fields": {"app_label": "main_app", "model": "educationaloffering"}}, {"model": "contenttypes.contenttype", "pk": 9, "fields": {"app_label": "main_app", "model": "policy"}}, {"model": "contenttypes.contenttype", "pk": 10, "fields": {"app_label": "main_app", "model": "policydetail"}}, {"model": "contenttypes.contenttype", "pk": 11, "fields": {"app_label": "main_app", "model": "refundcharges"}}, {"model": "contenttypes.contenttype", "pk": 12, "fields": {"app_label": "main_app", "model": "refundsteps"}}, {"model": "contenttypes.contenttype", "pk": 13, "fields": {"app_label": "main_app", "model": "specialization"}}, {"model": "contenttypes.contenttype", "pk": 14, "fields": {"app_label": "main_app", "model": "acceptancepolicy"}}, {"model": "contenttypes.contenttype", "pk": 15, "fields": {"app_label": "main_app", "model": "nominationconsideration"}}, {"model": "contenttypes.contenttype", "pk": 16, "fields": {"app_label": "main_app", "model": "eligibilitydetails"}}, {"model": "contenttypes.contenttype", "pk": 17, "fields": {"app_label": "main_app", "model": "eligibilityheader"}}, {"model": "contenttypes.contenttype", "pk": 18, "fields": {"app_label": "main_app", "model": "newsandupdates"}}, {"model": "contenttypes.contenttype", "pk": 19, "fields": {"app_label": "main_app", "model": "gallery"}}, {"model": "contenttypes.contenttype", "pk": 20, "fields": {"app_label": "main_app", "model": "homeslider"}}, {"model": "contenttypes.contenttype", "pk": 21, "fields": {"app_label": "main_app", "model": "visionandmission"}}, {"model": "contenttypes.contenttype", "pk": 22, "fields": {"app_label": "main_app", "model": "chancellormessage"}}, {"model": "contenttypes.contenttype", "pk": 23, "fields": {"app_label": "main_app", "model": "contactquery"}}, {"model": "contenttypes.contenttype", "pk": 24, "fields": {"app_label": "main_app", "model": "accreditationlist"}}, {"model": "contenttypes.contenttype", "pk": 25, "fields": {"app_label": "main_app", "model": "accreditationparagraph"}}, {"model": "contenttypes.contenttype", "pk": 26, "fields": {"app_label": "main_app", "model": "describingaccreditationparagraph"}}, {"model": "contenttypes.contenttype", "pk": 27, "fields": {"app_label": "main_app", "model": "describingaccreditation"}}, {"model": "contenttypes.contenttype", "pk": 28, "fields": {"app_label": "main_app", "model": "accreditationimportance"}}, {"model": "contenttypes.contenttype", "pk": 29, "fields": {"app_label": "main_app", "model": "aftergraduationservices"}}, {"model": "contenttypes.contenttype", "pk": 30, "fields": {"app_label": "main_app", "model": "accreditatedcenters"}}, {"model": "contenttypes.contenttype", "pk": 31, "fields": {"app_label": "main_app", "model": "testimonials"}}, {"model": "contenttypes.contenttype", "pk": 32, "fields": {"app_label": "main_app", "model": "faculty"}}, {"model": "contenttypes.contenttype", "pk": 33, "fields": {"app_label": "main_app", "model": "thesispolicy"}}, {"model": "contenttypes.contenttype", "pk": 34, "fields": {"app_label": "main_app", "model": "academyworks"}}, {"model": "contenttypes.contenttype", "pk": 35, "fields": {"app_label": "main_app", "model": "gradetable"}}, {"model": "contenttypes.contenttype", "pk": 36, "fields": {"app_label": "main_app", "model": "thesisevaluation"}}, {"model": "contenttypes.contenttype", "pk": 37, "fields": {"app_label": "main_app", "model": "studentfiles"}}, {"model": "contenttypes.contenttype", "pk": 38, "fields": {"app_label": "main_app", "model": "academicscenters"}}, {"model": "contenttypes.contenttype", "pk": 39, "fields": {"app_label": "main_app", "model": "educationalmodalities"}}, {"model": "contenttypes.contenttype", "pk": 40, "fields": {"app_label": "main_app", "model": "educationmodel"}}, {"model": "contenttypes.contenttype", "pk": 41, "fields": {"app_label": "main_app", "model": "universityoffering"}}, {"model": "contenttypes.contenttype", "pk": 42, "fields": {"app_label": "main_app", "model": "educationalmodalcontent"}}, {"model": "contenttypes.contenttype", "pk": 43, "fields": {"app_label": "main_app", "model": "nondiscriminationpolicy"}}, {"model": "contenttypes.contenttype", "pk": 44, "fields": {"app_label": "main_app", "model": "maincampus"}}, {"model": "contenttypes.contenttype", "pk": 45, "fields": {"app_label": "main_app", "model": "requirementheader"}}, {"model": "contenttypes.contenttype", "pk": 46, "fields": {"app_label": "main_app", "model": "requirementcontent"}}, {"model": "contenttypes.contenttype", "pk": 47, "fields": {"app_label": "main_app", "model": "advantagescontent"}}, {"model": "contenttypes.contenttype", "pk": 48, "fields": {"app_label": "main_app", "model": "advantagesheader"}}, {"model": "sessions.session", "pk": "28vr9iufsgjpo7bm7tja0umwd3hcj1gp", "fields": {"session_data": "ZjNmODA3NjZhMTcxMzA3MGIzYWQ3YzlkMmFjY2Q1NDk0MTAwOTc0MTp7Il9hdXRoX3VzZXJfaWQiOiIxIiwiX2F1dGhfdXNlcl9iYWNrZW5kIjoiZGphbmdvLmNvbnRyaWIuYXV0aC5iYWNrZW5kcy5Nb2RlbEJhY2tlbmQiLCJfYXV0aF91c2VyX2hhc2giOiJiYTAzNDQxNzhkMWQ3ZGIzOTgxNjM1ZWNmNGRjOTM4NzdhMWEyZTcwIn0=", "expire_date": "2021-02-25T14:39:08.180Z"}}, {"model": "sessions.session", "pk": "5j74ecpwxnawzkglklrq4p6in3y0nw0y", "fields": {"session_data": "ZjNmODA3NjZhMTcxMzA3MGIzYWQ3YzlkMmFjY2Q1NDk0MTAwOTc0MTp7Il9hdXRoX3VzZXJfaWQiOiIxIiwiX2F1dGhfdXNlcl9iYWNrZW5kIjoiZGphbmdvLmNvbnRyaWIuYXV0aC5iYWNrZW5kcy5Nb2RlbEJhY2tlbmQiLCJfYXV0aF91c2VyX2hhc2giOiJiYTAzNDQxNzhkMWQ3ZGIzOTgxNjM1ZWNmNGRjOTM4NzdhMWEyZTcwIn0=", "expire_date": "2021-02-25T09:13:56.133Z"}}, {"model": "sessions.session", "pk": "6aurztf9xec2dgxatynuu12icc4lr38o", "fields": {"session_data": "ZjNmODA3NjZhMTcxMzA3MGIzYWQ3YzlkMmFjY2Q1NDk0MTAwOTc0MTp7Il9hdXRoX3VzZXJfaWQiOiIxIiwiX2F1dGhfdXNlcl9iYWNrZW5kIjoiZGphbmdvLmNvbnRyaWIuYXV0aC5iYWNrZW5kcy5Nb2RlbEJhY2tlbmQiLCJfYXV0aF91c2VyX2hhc2giOiJiYTAzNDQxNzhkMWQ3ZGIzOTgxNjM1ZWNmNGRjOTM4NzdhMWEyZTcwIn0=", "expire_date": "2021-03-15T18:08:05.096Z"}}, {"model": "sessions.session", "pk": "78zqafvby0877h76r8xwvap6zocm3w7o", "fields": {"session_data": "ZjNmODA3NjZhMTcxMzA3MGIzYWQ3YzlkMmFjY2Q1NDk0MTAwOTc0MTp7Il9hdXRoX3VzZXJfaWQiOiIxIiwiX2F1dGhfdXNlcl9iYWNrZW5kIjoiZGphbmdvLmNvbnRyaWIuYXV0aC5iYWNrZW5kcy5Nb2RlbEJhY2tlbmQiLCJfYXV0aF91c2VyX2hhc2giOiJiYTAzNDQxNzhkMWQ3ZGIzOTgxNjM1ZWNmNGRjOTM4NzdhMWEyZTcwIn0=", "expire_date": "2021-02-26T10:14:33.598Z"}}, {"model": "sessions.session", "pk": "cy5n4c2o8owimkt7mxnaotthbiuzuhog", "fields": {"session_data": "ZjNmODA3NjZhMTcxMzA3MGIzYWQ3YzlkMmFjY2Q1NDk0MTAwOTc0MTp7Il9hdXRoX3VzZXJfaWQiOiIxIiwiX2F1dGhfdXNlcl9iYWNrZW5kIjoiZGphbmdvLmNvbnRyaWIuYXV0aC5iYWNrZW5kcy5Nb2RlbEJhY2tlbmQiLCJfYXV0aF91c2VyX2hhc2giOiJiYTAzNDQxNzhkMWQ3ZGIzOTgxNjM1ZWNmNGRjOTM4NzdhMWEyZTcwIn0=", "expire_date": "2021-03-01T17:04:41.791Z"}}, {"model": "sessions.session", "pk": "qkpg8u9rgpwcuf1ba8r79zdwiruiltt6", "fields": {"session_data": "ZjNmODA3NjZhMTcxMzA3MGIzYWQ3YzlkMmFjY2Q1NDk0MTAwOTc0MTp7Il9hdXRoX3VzZXJfaWQiOiIxIiwiX2F1dGhfdXNlcl9iYWNrZW5kIjoiZGphbmdvLmNvbnRyaWIuYXV0aC5iYWNrZW5kcy5Nb2RlbEJhY2tlbmQiLCJfYXV0aF91c2VyX2hhc2giOiJiYTAzNDQxNzhkMWQ3ZGIzOTgxNjM1ZWNmNGRjOTM4NzdhMWEyZTcwIn0=", "expire_date": "2021-02-26T10:20:44.361Z"}}, {"model": "sessions.session", "pk": "vuysa2jlwo1dxq5zv8hr88o2inq96sv0", "fields": {"session_data": "ZjNmODA3NjZhMTcxMzA3MGIzYWQ3YzlkMmFjY2Q1NDk0MTAwOTc0MTp7Il9hdXRoX3VzZXJfaWQiOiIxIiwiX2F1dGhfdXNlcl9iYWNrZW5kIjoiZGphbmdvLmNvbnRyaWIuYXV0aC5iYWNrZW5kcy5Nb2RlbEJhY2tlbmQiLCJfYXV0aF91c2VyX2hhc2giOiJiYTAzNDQxNzhkMWQ3ZGIzOTgxNjM1ZWNmNGRjOTM4NzdhMWEyZTcwIn0=", "expire_date": "2021-03-16T14:26:01.430Z"}}, {"model": "main_app.educationaloffering", "pk": 1, "fields": {"name": "Post Doctoral Degree", "description": "Post-Doctoral research is an academic research carried by Doctoral Scholars (students) who have completed their doctoral studies. Postdoctoral fellows can retrieve some of the suitable resources in their areas of interest and will help them in building collaborative relations with miscellaneous universities. Following are some the available Post-Doctoral Degree Programs.", "priority": 4}}, {"model": "main_app.educationaloffering", "pk": 2, "fields": {"name": "Bachelor's Degree", "description": "Our students, whether 25, 35, or 55 years old, have chosen the programs to complement their active professional lives or creative pursuits. The range in age, background, and life experience creates an engaging learning environment that sets the stage for international graduate college admission, rewarding careers, and personal enrichment.", "priority": 1}}, {"model": "main_app.educationaloffering", "pk": 3, "fields": {"name": "Master's Degree", "description": "Universidad Azteca offers a variety of Master Degree, the study offers are open via branch campus programs or as joint programs. Master Degrees are awarded by a Azteca University upon completion of a specific course of study. Students obtain a Master\u2019s Degree to further their studies in a specialized field and to gain highly developed skills in analysis and critical thinking", "priority": 2}}, {"model": "main_app.educationaloffering", "pk": 4, "fields": {"name": "Doctoral Degree", "description": "The highest level of education a student can receive is a doctoral degree. These advanced degrees indicate that the recipient has in-depth knowledge and mastery of their particular area of study, and they\u2019re relatively rare, don\u2019t expect this level of education to become as common as bachelor\u2019s degrees or even master\u2019s degrees.", "priority": 3}}, {"model": "main_app.educationaloffering", "pk": 5, "fields": {"name": "Diploma", "description": "0", "priority": 0}}, {"model": "main_app.degreeprogram", "pk": 1, "fields": {"name": "BACHELOR OF SYSTEM ENGINEERING", "description": "", "educationalOffering": 2, "specializationAvailable": true}}, {"model": "main_app.degreeprogram", "pk": 2, "fields": {"name": "BACHELOR OF BUSSINESS ADMINISTRATION", "description": "", "educationalOffering": 2, "specializationAvailable": true}}, {"model": "main_app.degreeprogram", "pk": 3, "fields": {"name": "BACHELOR Of PSYCHOLOGY", "description": "", "educationalOffering": 2, "specializationAvailable": true}}, {"model": "main_app.degreeprogram", "pk": 4, "fields": {"name": "OTHER BACHELOR COURSES", "description": "", "educationalOffering": 2, "specializationAvailable": true}}, {"model": "main_app.degreeprogram", "pk": 5, "fields": {"name": "MASTER OF BUSINESS ADMINISTRATION", "description": "", "educationalOffering": 3, "specializationAvailable": true}}, {"model": "main_app.degreeprogram", "pk": 6, "fields": {"name": "OTHER MASTERS PROGRAM", "description": "", "educationalOffering": 3, "specializationAvailable": true}}, {"model": "main_app.degreeprogram", "pk": 7, "fields": {"name": "DOCTORAL DEGREE PROGRAMS", "description": "", "educationalOffering": 4, "specializationAvailable": true}}, {"model": "main_app.degreeprogram", "pk": 8, "fields": {"name": "Doctor of Sciences, (D.Sc.) Degree", "description": "", "educationalOffering": 1, "specializationAvailable": false}}, {"model": "main_app.degreeprogram", "pk": 9, "fields": {"name": "Doctor of Letters (D.Litt., Litt.D., D. Lit., or Lit. D. ) Degree", "description": "Doctor of Letters (D.Litt., Litt.D., D. Lit., or Lit. D. ) Degree in the disciplines of Business, Humanities, Social Sciences, Design, Creative Arts and other related areas;", "educationalOffering": 1, "specializationAvailable": false}}, {"model": "main_app.degreeprogram", "pk": 10, "fields": {"name": "Doctor of Laws, (LL.D.) Degree", "description": "Doctor of Laws, (LL.D.) Degree in the discipline of Law and other related areas to a candidate whose work and research have made distinct contributions to the advancement of knowledge.", "educationalOffering": 1, "specializationAvailable": false}}, {"model": "main_app.specialization", "pk": 1, "fields": {"name": "Information Technology", "degreeProgram": 1}}, {"model": "main_app.specialization", "pk": 2, "fields": {"name": "Civil", "degreeProgram": 1}}, {"model": "main_app.specialization", "pk": 3, "fields": {"name": "Electronics and Communication", "degreeProgram": 1}}, {"model": "main_app.specialization", "pk": 4, "fields": {"name": "Electrical Engineering", "degreeProgram": 1}}, {"model": "main_app.specialization", "pk": 5, "fields": {"name": "Mechanical", "degreeProgram": 1}}, {"model": "main_app.specialization", "pk": 6, "fields": {"name": "Human Resource Management", "degreeProgram": 2}}, {"model": "main_app.specialization", "pk": 7, "fields": {"name": "Marketing Management", "degreeProgram": 2}}, {"model": "main_app.specialization", "pk": 8, "fields": {"name": "Financial Management", "degreeProgram": 2}}, {"model": "main_app.specialization", "pk": 9, "fields": {"name": "International Business Management", "degreeProgram": 2}}, {"model": "main_app.specialization", "pk": 10, "fields": {"name": "Computer Science", "degreeProgram": 2}}, {"model": "main_app.specialization", "pk": 11, "fields": {"name": "Health Care Administration", "degreeProgram": 2}}, {"model": "main_app.specialization", "pk": 12, "fields": {"name": "Accounting & Management", "degreeProgram": 2}}, {"model": "main_app.specialization", "pk": 13, "fields": {"name": "Supply Chain Management", "degreeProgram": 2}}, {"model": "main_app.specialization", "pk": 14, "fields": {"name": "Commerce", "degreeProgram": 2}}, {"model": "main_app.specialization", "pk": 15, "fields": {"name": "Educational Management", "degreeProgram": 2}}, {"model": "main_app.specialization", "pk": 16, "fields": {"name": "Educational Psychology", "degreeProgram": 3}}, {"model": "main_app.specialization", "pk": 17, "fields": {"name": "Mass Communication", "degreeProgram": 3}}, {"model": "main_app.specialization", "pk": 18, "fields": {"name": "Bachelor of International Relations", "degreeProgram": 4}}, {"model": "main_app.specialization", "pk": 19, "fields": {"name": "Bachelor of Sciences (B.Sc.) in Tourism and Hospitality Management", "degreeProgram": 4}}, {"model": "main_app.specialization", "pk": 20, "fields": {"name": "Bachelor of Foreign Trade", "degreeProgram": 4}}, {"model": "main_app.specialization", "pk": 21, "fields": {"name": "Bachelor of Law (LLB)", "degreeProgram": 4}}, {"model": "main_app.specialization", "pk": 22, "fields": {"name": "Bachelor of Science (B.Sc.)", "degreeProgram": 4}}, {"model": "main_app.specialization", "pk": 23, "fields": {"name": "Bachelor of Environmental Science (B.Sc.)", "degreeProgram": 4}}, {"model": "main_app.specialization", "pk": 24, "fields": {"name": "Bachelor in Social Work", "degreeProgram": 4}}, {"model": "main_app.specialization", "pk": 25, "fields": {"name": "Bachelor of Science in Nursing", "degreeProgram": 4}}, {"model": "main_app.specialization", "pk": 26, "fields": {"name": "Bachelor of Pedagogy", "degreeProgram": 4}}, {"model": "main_app.specialization", "pk": 27, "fields": {"name": "Human Resource Management", "degreeProgram": 5}}, {"model": "main_app.specialization", "pk": 28, "fields": {"name": "Marketing Management", "degreeProgram": 5}}, {"model": "main_app.specialization", "pk": 29, "fields": {"name": "Financial Management", "degreeProgram": 5}}, {"model": "main_app.specialization", "pk": 30, "fields": {"name": "International Business Management", "degreeProgram": 5}}, {"model": "main_app.specialization", "pk": 31, "fields": {"name": "Oil & Gas Management", "degreeProgram": 5}}, {"model": "main_app.specialization", "pk": 32, "fields": {"name": "Production & Operations Management", "degreeProgram": 5}}, {"model": "main_app.specialization", "pk": 33, "fields": {"name": "Supply Chain Management", "degreeProgram": 5}}, {"model": "main_app.specialization", "pk": 34, "fields": {"name": "Construction Management", "degreeProgram": 5}}, {"model": "main_app.specialization", "pk": 35, "fields": {"name": "Accounting & Management", "degreeProgram": 5}}, {"model": "main_app.specialization", "pk": 36, "fields": {"name": "Project Management", "degreeProgram": 5}}, {"model": "main_app.specialization", "pk": 37, "fields": {"name": "Tourism and Hospitality Management", "degreeProgram": 5}}, {"model": "main_app.specialization", "pk": 38, "fields": {"name": "Banking & Insurance", "degreeProgram": 5}}, {"model": "main_app.specialization", "pk": 39, "fields": {"name": "Executive Master of Business Administration (EMBA) Diploma", "degreeProgram": 6}}, {"model": "main_app.specialization", "pk": 40, "fields": {"name": "Master of Sciences in Business Administration (M.Sc.)", "degreeProgram": 6}}, {"model": "main_app.specialization", "pk": 41, "fields": {"name": "Master of Sciences in International Relations (MSc)", "degreeProgram": 6}}, {"model": "main_app.specialization", "pk": 42, "fields": {"name": "Master of Sciences in Psychology (M.Sc.)", "degreeProgram": 6}}, {"model": "main_app.specialization", "pk": 43, "fields": {"name": "Master of Sciences in Information Technology (M.Sc.)", "degreeProgram": 6}}, {"model": "main_app.specialization", "pk": 44, "fields": {"name": "Master in Computer Sciences (M.Sc.)", "degreeProgram": 6}}, {"model": "main_app.specialization", "pk": 45, "fields": {"name": "Master of Sciences in Health Sciences (M.Sc.)", "degreeProgram": 6}}, {"model": "main_app.specialization", "pk": 46, "fields": {"name": "Master of Sciences in Public Health (M.Sc.)", "degreeProgram": 6}}, {"model": "main_app.specialization", "pk": 47, "fields": {"name": "Master of Educational Sciences (M.Ed.)", "degreeProgram": 6}}, {"model": "main_app.specialization", "pk": 48, "fields": {"name": "Master of Sciences in Law (M.Sc.)", "degreeProgram": 6}}, {"model": "main_app.specialization", "pk": 49, "fields": {"name": "Master of Science in Coaching (M.Sc.)", "degreeProgram": 6}}, {"model": "main_app.specialization", "pk": 50, "fields": {"name": "Master of Criminal Law (LLM)", "degreeProgram": 5}}, {"model": "main_app.specialization", "pk": 51, "fields": {"name": "Doctor of Philosophy, (PhD) in Business Administration", "degreeProgram": 7}}, {"model": "main_app.specialization", "pk": 52, "fields": {"name": "Doctor of Business Administration (DBA)", "degreeProgram": 7}}, {"model": "main_app.specialization", "pk": 53, "fields": {"name": "Doctor of Philosophy, (PhD) in Economics", "degreeProgram": 7}}, {"model": "main_app.specialization", "pk": 54, "fields": {"name": "Doctor of Philosophy in International Relations (PhD)", "degreeProgram": 7}}, {"model": "main_app.specialization", "pk": 55, "fields": {"name": "Doctor of Philosophy in International Law (PhD)", "degreeProgram": 7}}, {"model": "main_app.specialization", "pk": 56, "fields": {"name": "Doctor of Philosophy in Law (PhD)", "degreeProgram": 7}}, {"model": "main_app.specialization", "pk": 57, "fields": {"name": "Doctor of Philosophy, (PhD) in Social Science", "degreeProgram": 7}}, {"model": "main_app.specialization", "pk": 58, "fields": {"name": "Doctor of Education (D.Ed.)", "degreeProgram": 7}}, {"model": "main_app.specialization", "pk": 59, "fields": {"name": "Doctor of Philosophy, (PhD) in Environmental Science", "degreeProgram": 7}}, {"model": "main_app.specialization", "pk": 60, "fields": {"name": "Doctor of Philosophy, (PhD) in Health Sciences", "degreeProgram": 7}}, {"model": "main_app.specialization", "pk": 61, "fields": {"name": "Doctor of Philosophy, (PhD) in Alternative & Natural Medicine", "degreeProgram": 7}}, {"model": "main_app.specialization", "pk": 62, "fields": {"name": "Doctor of Philosophy, (PhD) in Public Health", "degreeProgram": 7}}, {"model": "main_app.specialization", "pk": 63, "fields": {"name": "Doctor of Philosophy, (PhD) in Psychology", "degreeProgram": 7}}, {"model": "main_app.specialization", "pk": 65, "fields": {"name": "Doctor of Philosophy, (PhD) in Management", "degreeProgram": 7}}, {"model": "main_app.specialization", "pk": 66, "fields": {"name": "Doctor of Philosophy (PhD) in Computer Science and Engineering", "degreeProgram": 7}}, {"model": "main_app.specialization", "pk": 67, "fields": {"name": "Doctor of Philosophy (PhD) in Information Communication Technology", "degreeProgram": 7}}, {"model": "main_app.eligibilityheader", "pk": 1, "fields": {"heading": "ELIGIBILITY FOR D.S.C.", "description": "A candidate who is awarded Doctor of Philosophy (Ph.D.) degree in the disciplines of Science, Engineering, Technology and other related areas by Azteca University or degree recognized equivalent thereto from any other university may present his/her candidacy for the degree of Doctor of Science (D.Sc.) provided he/she must have:", "note": "", "degreeProgram": 8}}, {"model": "main_app.eligibilityheader", "pk": 2, "fields": {"heading": "ELIGIBILITY FOR D.Litt.", "description": "A candidate who is awarded Doctor of Philosophy (Ph.D.) degree in the disciplines of Business, Humanities, Social Sciences, Design, Creative Arts and other related areas by Azteca University or degree recognized equivalent thereto from any other University may present his/her candidacy for the Doctor of Literature (D.Litt.) provided that he/she", "note": "", "degreeProgram": 9}}, {"model": "main_app.eligibilityheader", "pk": 3, "fields": {"heading": "ELIGIBILITY FOR L.L.D.", "description": "A candidate who is awarded Doctor of Philosophy (Ph.D.) degree in the discipline of Law and related areas by this Azteca University or degree recognized equivalent thereto from any other University may present his/her candidacy for the Doctor of Laws (LL.D.) provided that he/she has:", "note": "", "degreeProgram": 10}}, {"model": "main_app.eligibilitydetails", "pk": 1, "fields": {"content": "Minimum 2 years post Ph.D. teaching experience and has published 10 research papers indexed journals as first author or corresponding author OR", "eligibiltyHeader": 3}}, {"model": "main_app.eligibilitydetails", "pk": 2, "fields": {"content": "Have post Ph.D. experience of more than 2 years in the discipline of law and related areas, at least three recommendations/referrals of his work or contribution from nationally/internationally recognized experts of concerned field and his/her work and efforts has made distinct contributions to the society in the field of law.", "eligibiltyHeader": 3}}, {"model": "main_app.eligibilitydetails", "pk": 3, "fields": {"content": "Done post-doctoral work in Business, Humanities, Social Sciences, Design, Creative Arts and other related areas for a minimum period of 2 years and has published 10 research papers in Scopus indexed journals as first author or corresponding author.", "eligibiltyHeader": 2}}, {"model": "main_app.eligibilitydetails", "pk": 4, "fields": {"content": "Post Ph.D. experience of more than 2 years in Business, Humanities, Social Sciences, Design, Creative Arts and other related areas, at least three recommendations/ referrals of his research/ contribution from nationally/ internationally recognized experts of concerned field and his/her work and efforts has made distinct contributions to the society and advancement of knowledge.", "eligibiltyHeader": 2}}, {"model": "main_app.eligibilitydetails", "pk": 5, "fields": {"content": "Done post-doctoral work in Science, Engineering, Technology and other related areas for a minimum period of 2 years and have published 10 research papers or indexed journals as first or corresponding author", "eligibiltyHeader": 1}}, {"model": "main_app.eligibilitydetails", "pk": 6, "fields": {"content": "Post Ph.D. experience of more than 2 years in Science, Engineering, Technology and other related areas, 2 patents (at least 1 international patent) in relevant discipline and his/her research work and efforts should have national and international recognition and have made a distinct contribution to the society and advancement of knowledge. OR", "eligibiltyHeader": 1}}, {"model": "main_app.eligibilitydetails", "pk": 7, "fields": {"content": "Post Ph.D. experience of more than 2 years in Science, Engineering, Technology and other related areas, at least three recommendations/ referrals of his research or contribution from nationally/ internationally recognized experts in the concerned field and his/her work and effort which should have made a distinct contribution to the society and advancement of knowledge.", "eligibiltyHeader": 1}}, {"model": "main_app.refundsteps", "pk": 1, "fields": {"heading": "NOTIFICATION", "description": "If UA is notified of cancellation within 3 calendar days after midnight of the day on which the Enrollment Agreement is signed, 85% money paid to UA will be refunded. (15% commission for administrative purposes)."}}, {"model": "main_app.refundsteps", "pk": 2, "fields": {"heading": "PROCESSING", "description": "From three (3) calendar days after midnight of the day on which the enrollment agreement is signed and until the University receives a student\u2019s first completed assignment, within the enrollment period, the University is entitled to the following registration processing fee if the student cancels enrollment."}}, {"model": "main_app.refundsteps", "pk": 3, "fields": {"heading": "FINAL ACTION", "description": "After the University receives the first completed assignment and until the student requests cancellation, the University will be entitled to registration fee and the following charges:"}}, {"model": "main_app.refundcharges", "pk": 1, "fields": {"content": "After completing more than 10% of the total module assignments and up to and including completion of 25% of the assignments, 25% of the refundable tuition."}}, {"model": "main_app.refundcharges", "pk": 2, "fields": {"content": "After completing more than 25% of the total module assignments and up to and including completion of 50% of the assignments, 10% of the refundable tuition."}}, {"model": "main_app.refundcharges", "pk": 3, "fields": {"content": "If the student completes more than half of the total module assignments or the enrollment period has expired, the school will be entitled to the full tuition and no refund will be able. The amount of the module completed will be the ratio of completed assignments received by the University to the total assignments required to complete the module."}}, {"model": "main_app.refundcharges", "pk": 4, "fields": {"content": "For students making rebated transfer degree and credits from an appointed institutions will not receive refund after 7 days of payment"}}, {"model": "main_app.refundcharges", "pk": 5, "fields": {"content": "Undergraduate, Graduate and Postgraduate Degree Programmes entitled Thesis Research or Credit Transfer modality at international programmes no refund is available after 7 business days of payment and the issue of Evaluation Report."}}, {"model": "main_app.acceptancepolicy", "pk": 1, "fields": {"heading": "ACCEPTANCE POLICIES", "content": "Other than in exceptional circumstances, a candidate for the Degree of D.Sc. / D.Litt./ or LL.D. shall be a graduate of Universidad Azteca or a recognized university.", "educationalOffering": 1}}, {"model": "main_app.acceptancepolicy", "pk": 2, "fields": {"heading": "ACCEPTANCE POLICIES", "content": "No candidate shall present himself or herself for the D.Sc. / D.Litt./ or LL.D. until at least eight years after graduation to his or her first undergraduate degree.", "educationalOffering": 1}}, {"model": "main_app.acceptancepolicy", "pk": 3, "fields": {"heading": "ACCEPTANCE POLICIES", "content": "The Degrees of D.Sc. / D.Litt./ or LL.D. shall be awarded for an original contribution (or contributions) of special excellence to linguistics, literary, philosophical, social or historical knowledge.", "educationalOffering": 1}}, {"model": "main_app.acceptancepolicy", "pk": 4, "fields": {"heading": "ACCEPTANCE POLICIES", "content": "The Degree shall be awarded only on work, whether sole or conjoint, published in book form or in scholarly journals in general circulation.", "educationalOffering": 1}}, {"model": "main_app.acceptancepolicy", "pk": 5, "fields": {"heading": "ACCEPTANCE POLICIES", "content": "No work shall be considered for the Degree if the work, or major portion thereof, has previously formed the basis of an award of any degree or diploma in this or any other university.", "educationalOffering": 1}}, {"model": "main_app.acceptancepolicy", "pk": 6, "fields": {"heading": "ACCEPTANCE POLICIES", "content": "A candidate shall make application in writing to be examined, and such application, accompanied by the Post-Doctoral Tuition Fees, together with", "educationalOffering": 1}}, {"model": "main_app.acceptancepolicy", "pk": 7, "fields": {"heading": "ACCEPTANCE POLICIES", "content": "Thesis Proposal to be examined and approved", "educationalOffering": 1}}, {"model": "main_app.acceptancepolicy", "pk": 8, "fields": {"heading": "ACCEPTANCE POLICIES", "content": "A statutory declaration which shall:", "educationalOffering": 1}}, {"model": "main_app.acceptancepolicy", "pk": 9, "fields": {"heading": "ACCEPTANCE POLICIES", "content": "State the extent to which the work is the candidate\u2019s own, and (in the case of a conjoint work) identify as clearly as possible which parts are the candidate\u2019s own", "educationalOffering": 1}}, {"model": "main_app.acceptancepolicy", "pk": 10, "fields": {"heading": "ACCEPTANCE POLICIES", "content": "State what portion (if any) of the work submitted has been previously presented for a degree or diploma of Universidad Azteca or any other university,", "educationalOffering": 1}}, {"model": "main_app.newsandupdates", "pk": 1, "fields": {"image": "2news1_wqiYvih.jpg", "heading": "Partnership with UCAM Universidad Cat\u00f3lica San Antonio de Murcia", "date": "2021-02-11T10:59:28Z"}}, {"model": "main_app.newsandupdates", "pk": 2, "fields": {"image": "2news2_QVMTKy4.jpg", "heading": "GRADUATION MARCH 2014 - SCHLOSS HERNSTEIN (AUSTRIA", "date": "2021-02-11T10:59:59Z"}}, {"model": "main_app.newsandupdates", "pk": 3, "fields": {"image": "2news3_I8WwfRI.jpg", "heading": "(2) Mr. Zhiri James Gana, Ambassador of Republic of Nigeria at Mexico City, Excmo., Extraordinario y Plenipotenciario Embajador de la Rep\u00fablica de Nigeria", "date": "2021-02-11T11:00:35Z"}}, {"model": "main_app.newsandupdates", "pk": 4, "fields": {"image": "Class_2014_at_graduacion_en_Hernstein_del_Branch_Campus_Leobersdorf_emca_de_UA_2_AR8G5SD.jpg", "heading": "Class 2014 at graduacion en Hernstein del Branch Campus Leobersdorf (emca) de UA 2", "date": "2021-02-11T11:01:56Z"}}, {"model": "main_app.newsandupdates", "pk": 5, "fields": {"image": "Honoris_Causa2_-_copia_1DjSYG1.jpeg", "heading": "Honoris Causa4", "date": "2021-02-11T11:02:17Z"}}, {"model": "main_app.newsandupdates", "pk": 6, "fields": {"image": "lol.jpg", "heading": "(2) Premio al Excmo. Sr. Sameeh Essa Johar Hayat Embajador de Kuwait en M\u00e9xico por parte de LA   ACADEMIA   NACIONAL Y SOBRE LA GRAN ORDEN DE LA REFORMA", "date": "2021-02-14T17:36:05Z"}}, {"model": "main_app.newsandupdates", "pk": 7, "fields": {"image": "Nat_students1.jpg", "heading": "Nat students1", "date": "2021-02-14T17:36:56Z"}}, {"model": "main_app.newsandupdates", "pk": 8, "fields": {"image": "Cooperation_Agreement_UCAM_Spain.JPG", "heading": "Cooperation Agreement UCAM Spain", "date": "2021-02-14T17:38:15Z"}}, {"model": "main_app.homeslider", "pk": 2, "fields": {"image": "2.jpg"}}, {"model": "main_app.homeslider", "pk": 9, "fields": {"image": "3.jpg"}}, {"model": "main_app.homeslider", "pk": 10, "fields": {"image": "9.jpg"}}, {"model": "main_app.homeslider", "pk": 11, "fields": {"image": "10.png"}}, {"model": "main_app.homeslider", "pk": 12, "fields": {"image": "11.png"}}, {"model": "main_app.homeslider", "pk": 14, "fields": {"image": "12.png"}}, {"model": "main_app.homeslider", "pk": 15, "fields": {"image": "13.png"}}, {"model": "main_app.homeslider", "pk": 16, "fields": {"image": "14.png"}}, {"model": "main_app.homeslider", "pk": 17, "fields": {"image": "15.png"}}, {"model": "main_app.homeslider", "pk": 18, "fields": {"image": "16.png"}}, {"model": "main_app.homeslider", "pk": 19, "fields": {"image": "17.png"}}, {"model": "main_app.gallery", "pk": 16, "fields": {"image": "12115_photogallery10_01-720x480_dDbpyCm.jpg", "date": "2021-02-14", "caption": "c"}}, {"model": "main_app.gallery", "pk": 17, "fields": {"image": "12116_photogallery10_02-720x480_loymi09.jpg", "date": "2021-02-14", "caption": "c"}}, {"model": "main_app.gallery", "pk": 18, "fields": {"image": "12117_photogallery10_03-720x480_HhQ8b4R.jpg", "date": "2021-02-14", "caption": "c"}}, {"model": "main_app.gallery", "pk": 19, "fields": {"image": "12117_photogallery10_03-720x480_9jGNXgy.jpg", "date": "2021-02-14", "caption": "c"}}, {"model": "main_app.gallery", "pk": 20, "fields": {"image": "12121_photogallery10_07-720x480_4mRG7mw.jpg", "date": "2021-02-14", "caption": "c"}}, {"model": "main_app.gallery", "pk": 21, "fields": {"image": "12122_photogallery10_08-720x480_T9k56QS.jpg", "date": "2021-02-14", "caption": "c"}}, {"model": "main_app.gallery", "pk": 22, "fields": {"image": "65796881_1103512703177698_355933866446993425_n_y1r92wA.jpg", "date": "2021-02-14", "caption": "c"}}, {"model": "main_app.gallery", "pk": 23, "fields": {"image": "74209801_2486040168144882_4406751877237047296_n_2n0bsp4.png", "date": "2021-02-14", "caption": "c"}}, {"model": "main_app.gallery", "pk": 24, "fields": {"image": "87520537_2751979791550917_4356046652981641216_o_EXCRU3D.jpg", "date": "2021-02-14", "caption": "c"}}, {"model": "main_app.gallery", "pk": 25, "fields": {"image": "Class_2014_at_graduacion_en_Hernstein_del_Branch_Campus_Leobersdorf_emca_de_UA_2_loRJ7yj.jpg", "date": "2021-02-14", "caption": "c"}}, {"model": "main_app.gallery", "pk": 26, "fields": {"image": "Grad_Toluca_2_zvk9a4F.jpg", "date": "2021-02-14", "caption": "c"}}, {"model": "main_app.gallery", "pk": 27, "fields": {"image": "Grad_Toluca_3_DNOPBPT.jpg", "date": "2021-02-14", "caption": "c"}}, {"model": "main_app.gallery", "pk": 28, "fields": {"image": "Honoris_Causa2_-_copia_997TqhV.jpeg", "date": "2021-02-14", "caption": "c"}}, {"model": "main_app.gallery", "pk": 29, "fields": {"image": "d1c51881dbdcb74f04bab2408d11173687acd0734c80b13d1d63b978505bbaa0.jpg", "date": "2021-02-14", "caption": "c"}}, {"model": "main_app.gallery", "pk": 30, "fields": {"image": "4b90070ef9b0210ddf1e7e9e9bd6d61660dce73592707048b9dd0066c9697033.jpg", "date": "2021-02-14", "caption": "c"}}, {"model": "main_app.gallery", "pk": 31, "fields": {"image": "5f7b7abf77e19daabeee60619358994520ca3fb81a564eed3b1feec547998a3c.jpg", "date": "2021-02-14", "caption": "c"}}, {"model": "main_app.gallery", "pk": 32, "fields": {"image": "IMG_20191128_165256.jpg", "date": "2021-02-14", "caption": "c"}}, {"model": "main_app.gallery", "pk": 33, "fields": {"image": "2_Mr._Zhiri_James_Gana.jpg", "date": "2021-02-14", "caption": "c"}}, {"model": "main_app.gallery", "pk": 34, "fields": {"image": "Nat_students3.jpg", "date": "2021-02-14", "caption": "c"}}, {"model": "main_app.gallery", "pk": 35, "fields": {"image": "staff1.jpg", "date": "2021-02-14", "caption": "c"}}, {"model": "main_app.gallery", "pk": 36, "fields": {"image": "1900920a8a54389025bc2673d80ab1dabf4d470870436f8debfff6be2fa24106.jpg", "date": "2021-02-14", "caption": "c"}}, {"model": "main_app.visionandmission", "pk": 1, "fields": {"image": "undraw_art_thinking_3g82_7zauYK2.svg", "heading": "OUR MISSION", "content": "Azteca University is an Institution of Higher Education, Humanist, Christian, and inspired by the Life of Saint Jean-Baptiste de La Salle, whose mission is the integral and Self-realization of human being, educating people with values and the highest academic level, capable to promote a positive environment of which they belong.", "category": "MISSION"}}, {"model": "main_app.visionandmission", "pk": 2, "fields": {"image": "undraw_forming_ideas_0pav_kRLQ9Pt.svg", "heading": "OUR VISION", "content": "Azteca University must be a decisive factor in the economic, political, social and cultural development of Mexico, and the world, through its educational services, in its different modalities, seeking the excellence of its Alumni, to produce significant impacts in scientific and technological knowledge, understanding their social environment and capable to protect the truth, maintaining the highest Spirit of Self-improvement and service.", "category": "VISION"}}, {"model": "main_app.chancellormessage", "pk": 1, "fields": {"image": "Chancellor_Message_bQOGBOK.png", "name": "Dr. Jos\u00e9 Agust\u00edn Lop\u00e9z G\u00f3nzalez Pacheco", "content": "Welcome to Universidad Azteca, Division of International Programs! If you are a prospective student for undergraduate, graduate, professional or continuing studies, I hope you will explore our Website to learn more about the international academic programs we offer, as well as the many services and activities we make available for our students. We are a university focused on the individual, offering each student a life plan that allows discovering human potential and how to focus for his/her benefits. We let students find their paths, giving meaning to their lives and conduct their work based on the principles of humanism and inspiration building their lives with the values of truth, justice and honesty.\r\n\r\nThe University offers the means to carry out a comprehensive education; we promote a transcending daily learning, providing tools to empower your professional and personal life. With advances in technology drawing the world closer and closer together, international students play an increasingly vital part in the internationalization of the academic mission of our Universidad Azteca, International students enrich the learning experience by allowing all of us \u2013 students, faculty, staff and administrators \u2013 to interact with people from diverse cultural backgrounds. I hope our Website and this brief message provided you with a glimpse of what the Universidad Azteca can offer international students. We are a dynamic institution that welcomes to international community of diverse backgrounds in the belief that their respectful interaction advances the discovery of truth, mutual understanding, self-realization and the common good. I encourage you to learn more about us. Talk to one of our students. Chat with a professor or Department Director & Chair. Explore our Web site. Find out how Universidad Azteca International Network System is helping others and how we can help you grow, achieve and succeed."}}, {"model": "main_app.accreditationparagraph", "pk": 1, "fields": {"heading": "ACCREDITATION", "content": "Universidad Azteca is a Private University with Recognition of the Official Validity of Studies awarded by the Federal Ministry of Education of the Republic and recognized by the Federal Government (SECRETARIA DE EDUCACION PUBLICA, SEP) to award University degrees. The university offers Three Academic Systems: Traditional (on-campus), Blended Learning and Virtual E-learning (in a real time) and awards degrees in a variety of specializations study areas.\r\n\r\nAzteca University periodically conducts a self-evaluation of international distance study programs in accordance with the standards of the ODLQC Open & Distance Learning Quality Council, (British) Azteca University have been Audited and Certified by AFQ Akademie Futurum Qualitas (Berlin, Germany) according to: ISO 9001:2015 QUALITY MANAGEMENT SYSTEMS ISO 29990:2010 LEARNING SERVICES FOR NON-FORMAL EDUCATION AND TRAINING Azteca University has received the \"Mexican Institution of the Year 2013\" Award during the VI Edition of the Mexico Quality Summit organized by the Latin American Quality Institute (LAQI), thus obtaining recognition for its delivery to quality and innovation in Mexico.\r\n\r\nIn addition to the aforementioned ISO Certifications, Azteca has several international accreditations that guarantee the quality and excellence of the higher education it offers, within these accreditations is:"}}, {"model": "main_app.accreditationlist", "pk": 1, "fields": {"content": "Institutional and Programmatic Accreditation by TRACCERT, Training Accreditation & Certification Organization Canada. TRACCERT is a member of AAAC Association of Accrediting Agencies of Canada and a registered Accreditation and Certification Body with the Government of Canada."}}, {"model": "main_app.accreditationlist", "pk": 2, "fields": {"content": "Azteca University is certified by the LAQI Latin American Quality Institute in Quality Management System, receiving the Global Quality Certification by the Latin American Quality Institute (LAQI)."}}, {"model": "main_app.accreditationlist", "pk": 3, "fields": {"content": "Universidad Azteca European Programmes at Austria is registered by THE AGENCY FOR QUALITY ASSURANCE AND ACCREDITATION AQ, AUSTRIA."}}, {"model": "main_app.accreditationlist", "pk": 4, "fields": {"content": "Azteca University has been registered and listed at Berlin Ministry of Education at Germany"}}, {"model": "main_app.accreditationlist", "pk": 5, "fields": {"content": "Universidad Azteca European Programmes is an approved member of the European Association for Distance Learning EADL of United Kingdom."}}, {"model": "main_app.accreditationlist", "pk": 6, "fields": {"content": "From 2013 to 2017, Azteca University received the accreditation as \u201cPREMIER PROVIDER\u201d status by ASIC, Accreditation Service for International Colleges, Schools & Universities, based in the UK, is a UK Border Agency recognised Accreditation Body, a member of the British Quality Foundation (BQF), sits on the Quality Standards Group of UK NARIC, is listed in the international registry for the UK of CHEA, the US Council for Higher Education Accreditation, and is a national UK Affiliate of ENQA, the European Network of Quality Assurance for Higher Education, which recognizes ASIC as a bona fide quality assurance agency. This accreditation expired; in the meantime we are working on a different UK accrediting agency."}}, {"model": "main_app.describingaccreditationparagraph", "pk": 1, "fields": {"heading": "The outcome of a successful program accreditation at our Canadian Accrediting Agency may include one or more of the following:", "listAvailable": true}}, {"model": "main_app.describingaccreditationparagraph", "pk": 2, "fields": {"heading": "Other Functions of our National Recognition and our Canadian Accreditation:", "listAvailable": true}}, {"model": "main_app.describingaccreditationparagraph", "pk": 3, "fields": {"heading": "In any event, \u201cAccreditation\u201d is a voluntary process that gives public recognition to institutions that meet certain standards. It is a promise that an institution will provide the quality of education it claims to offer and provide consumer protection.\r\n\r\nAccreditation assures the student that the institution operates on a sound financial basis, has an approved program of study, qualified instructors, adequate facilities and equipment, effective recruitment and admission policies, and advertises its courses truthfully.\r\n\r\nAccreditation assures the student that the institution operates on a sound financial basis, has an approved program of study, qualified instructors, adequate facilities and equipment, effective recruitment and admission policies, and advertises its courses truthfully.", "listAvailable": false}}, {"model": "main_app.describingaccreditation", "pk": 1, "fields": {"heading": 1, "listItem": "Graduates are able to practice as a professional in a specific field, and in some cases receive a license to practice that is required by law;"}}, {"model": "main_app.describingaccreditation", "pk": 2, "fields": {"heading": 1, "listItem": "Graduates are granted chartered status."}}, {"model": "main_app.describingaccreditation", "pk": 3, "fields": {"heading": 1, "listItem": "Graduates are granted exemption from all or part of professional exams."}}, {"model": "main_app.describingaccreditation", "pk": 4, "fields": {"heading": 1, "listItem": "Graduates are eligible for entry to membership of a professional association or learned society."}}, {"model": "main_app.describingaccreditation", "pk": 5, "fields": {"heading": 1, "listItem": "The programme is confirmed as meeting externally designated standards and quality."}}, {"model": "main_app.describingaccreditation", "pk": 6, "fields": {"heading": 2, "listItem": "Verifying that an institution or program meets established standards."}}, {"model": "main_app.describingaccreditation", "pk": 7, "fields": {"heading": 2, "listItem": "Assisting Alumni with After-Graduation Services."}}, {"model": "main_app.describingaccreditation", "pk": 8, "fields": {"heading": 2, "listItem": "Assisting Students in determining the acceptability of transfer credits."}}, {"model": "main_app.describingaccreditation", "pk": 9, "fields": {"heading": 2, "listItem": "Protecting students interest."}}, {"model": "main_app.aftergraduationservices", "pk": 1, "fields": {"heading": "Third Party Verification (under Alumni request)."}}, {"model": "main_app.aftergraduationservices", "pk": 2, "fields": {"heading": "Degree Embassy Attestations."}}, {"model": "main_app.aftergraduationservices", "pk": 3, "fields": {"heading": "Student Bona Fide Letters."}}, {"model": "main_app.aftergraduationservices", "pk": 4, "fields": {"heading": "Department of Foreign Affairs Legalizations (Apostille)"}}, {"model": "main_app.aftergraduationservices", "pk": 5, "fields": {"heading": "Canadian Accrediting Agency Certification of your earned Degree."}}, {"model": "main_app.aftergraduationservices", "pk": 6, "fields": {"heading": "Extra Original Transcript (Diploma Supplement)"}}, {"model": "main_app.aftergraduationservices", "pk": 7, "fields": {"heading": "Notarization Azteca University Degree, (Only Spanish vision)"}}, {"model": "main_app.aftergraduationservices", "pk": 8, "fields": {"heading": "Xerox Copy of Degree Diploma Certified by Office of the Registrar"}}, {"model": "main_app.aftergraduationservices", "pk": 9, "fields": {"heading": "Additional Hard Bound Thesis for Doctoral Scholars (University Certified)"}}, {"model": "main_app.aftergraduationservices", "pk": 10, "fields": {"heading": "And many others."}}, {"model": "main_app.accreditatedcenters", "pk": 1, "fields": {"flag": "UAEFlag_WMLCSZz.png", "country": "UNITED ARAB EMIRATES", "heading": "GENIUS EDUCATIONAL SERVICES (G.E.S.)", "contactPerson": "Mr. Aslam Munambath", "phoneNumber": "00971-554725766", "address": "Riqqa-al-Buteen Plaza Building, 35 a,\r\nAl-Maktoum Road, 7th Floor,\r\nOffice No: 703 Al-Muraqqabat-124, Deira, Dubai, UAE. QATAR , OMAN , KUWAIT", "email": "", "website": ""}}, {"model": "main_app.accreditatedcenters", "pk": 2, "fields": {"flag": "sriLankaFlag_brag6JB.png", "country": "SRI LANKA", "heading": "GLOBAL EDUCATION TRUST PVT LTD (GETS CAMPUS)", "contactPerson": "Mrs. J. M. Riyas", "phoneNumber": "+94773957883", "address": "No:67, Main Street, Addalaichenai-05 Sri Lanka", "email": "getscampus@gmail.com", "website": "www.getscampus.com"}}, {"model": "main_app.accreditatedcenters", "pk": 3, "fields": {"flag": "rwandaFlag_58vDXAW.png", "country": "RWANDA", "heading": "The International Polytechnic Institute", "contactPerson": "Prof.Dr. RUSAGARA Innocent", "phoneNumber": "", "address": "The International Polytechnic Institute\r\nM. Peace Plaza, 8th Floor, Block", "email": "info@ipi.ac.rw", "website": "https://www.ipi.ac.rw/"}}, {"model": "main_app.accreditatedcenters", "pk": 4, "fields": {"flag": "pakistanFlag_PjkLJhc.png", "country": "PAKISTAN", "heading": "Porfessional Development And Research Council, PDRC Pakistan", "contactPerson": "Dr. Zahir Shah", "phoneNumber": "+92 3429245351", "address": "House No 295, Sector J, Sheikh Maltoon, Mardan, KP, Pakistan", "email": "helpline.aimms@gmail.com", "website": "www.pdri.org"}}, {"model": "main_app.accreditatedcenters", "pk": 5, "fields": {"flag": "nigeria_n0bSk37.svg", "country": "NIGERIA", "heading": "University of Entrepreneurship and Technology (UET)", "contactPerson": "Prof. Dr. O E Osuagwu", "phoneNumber": "+234 803 710 1792", "address": "UET Research Centre, Nigeria\r\nUET Village, Okeho-Iseyin Express Way, Elewure Village\r\nImoba-Ile, Okeho, Oyo State,\r\nNigeria.", "email": "info@uet.education", "website": "www.uet.education"}}, {"model": "main_app.accreditatedcenters", "pk": 6, "fields": {"flag": "myanmarFalg_JRHXJL1.png", "country": "MYANMAR", "heading": "MiMBER INSTITUTE OF MANAGEMENT STUDIES", "contactPerson": "Ms. Khine Thazin Myint", "phoneNumber": "+959771172148", "address": "No.256, 5th ,11th and 12th Floor,\r\nPansodan St (upper Block), Kyauktada Ts, Yangon,\r\nRepublic of the Union of Myanmar", "email": "sophiathazin@mimsmyanmar.com", "website": "www.mimsmyanmar.com"}}, {"model": "main_app.accreditatedcenters", "pk": 7, "fields": {"flag": "malaysiaFlag_P7ctmgZ.svg", "country": "MALAYSIA", "heading": "Elite International College", "contactPerson": "Prof. Dr. Poa Chun Seong", "phoneNumber": "", "address": "1st, 2nd & 3rd Floors, No. 49, Jalan Hang Lekiu, 50100 Kuala Lumpur, Malaysia,", "email": "", "website": "www.eic.edu.my"}}, {"model": "main_app.accreditatedcenters", "pk": 8, "fields": {"flag": "mauritiusFlag_d12OTdi.svg", "country": "MAURITIUS", "heading": "Under the authority of the Dean of European Programmes", "contactPerson": "Dr. Rechad Sayfoo", "phoneNumber": "", "address": "", "email": "vti@intnet.mu", "website": ""}}, {"model": "main_app.accreditatedcenters", "pk": 9, "fields": {"flag": "malawiFlag_UCbiuEv.png", "country": "MALAWI", "heading": "Lincoln Ford College", "contactPerson": "Prof. Malango Chinthenga", "phoneNumber": "265999925171", "address": "", "email": "doctormchinthenga@yahoo.co.uk", "website": ""}}, {"model": "main_app.accreditatedcenters", "pk": 10, "fields": {"flag": "indiaFlag_XPsKohl.png", "country": "INDIA", "heading": "AZTECA CENTRE FOR HIGHER EDUCATION (ACHE)", "contactPerson": "Dr. SHANAVAS MOOSAFINTAVIDA", "phoneNumber": "919995513020", "address": "161/2, 2nd floor, S. H Patel Ramaiah Complex, Hennur-Bagalur Main Road, Kothanur, Bangalore-560077.", "email": "dr.shanavas@univ-azteca.com", "website": ""}}, {"model": "main_app.accreditatedcenters", "pk": 11, "fields": {"flag": "germanyFlag_rAR3MyT.svg", "country": "GERMANY", "heading": "Azteca University, International Campus Berlin", "contactPerson": "Prof.Dr.Lic. Javier Opazo", "phoneNumber": "", "address": "Internationale Akademie f\u00fcr Kommunikation und Gesundheit GmbH\r\nK\u00f6penicker Stra\u00dfe 325, Haus 11\r\n12555 Berlin", "email": "", "website": ""}}, {"model": "main_app.accreditatedcenters", "pk": 12, "fields": {"flag": "egyptFlag_BaszS0u.png", "country": "EGYPT", "heading": "Global University of Science and Technology (GUST)", "contactPerson": "Dr. Mohamed Gamal Kafafy.", "phoneNumber": "", "address": "Aizupes street, Riga, Latvia, LV-1004, European Union. Villa 5, District 6, Obour City, Cairo \u2013 Egypt.", "email": "info@gust.education", "website": "www.gust.education"}}, {"model": "main_app.accreditatedcenters", "pk": 13, "fields": {"flag": "congoFlag_ip5ME1B.svg", "country": "CONGO", "heading": "Universit\u00e9 Chr\u00e9tienne Internationale, U.C.I. \u2013 The American Christian Liberal Arts University & Medi", "contactPerson": "Rev. Dr. Stephen Nzita di Nzita", "phoneNumber": "243999945859", "address": "Kinshasa, Limete/Democratic Republic of the Congo", "email": "Linkafrica21@gmail.com", "website": "www.ucidepuis1993.org"}}, {"model": "main_app.accreditatedcenters", "pk": 14, "fields": {"flag": "Flag-Bangladesh_cE9kU9w.jpg", "country": "BANGLADESH", "heading": "BITHM COLLEGE OF PROFESSIONALS", "contactPerson": "Md Zaker Hossin.", "phoneNumber": "8801730598700", "address": "R.I Tower (4th floor), Beside Evergreen Clinic, 23/A M. M Ali Road, Mehedhibag, Goalpahar More, Chattogram. Chittagong 4203.", "email": "info@bithm.org", "website": "www.bithm.org"}}, {"model": "main_app.accreditatedcenters", "pk": 15, "fields": {"flag": "indiaFlag_vNlvImT.png", "country": "INDIA", "heading": "", "contactPerson": "Dr. Ruchi Doshi", "phoneNumber": "", "address": "Professor, Engineering and Management, North Ayad, Udaipur, Rajasthan, India Pin Code - 313001", "email": "", "website": ""}}, {"model": "main_app.testimonials", "pk": 1, "fields": {"name": "Allison Holmes", "image": "testi1_V2iM9Pf.jpg", "designation": "", "content": "I feel very fortunate to be a part of the Azteca University."}}, {"model": "main_app.testimonials", "pk": 2, "fields": {"name": "Allison Holmes", "image": "testi2_6jui680.jpg", "designation": "", "content": "My experience at the Azteca University was like a journey of discovering new and\r\nchallenging things."}}, {"model": "main_app.testimonials", "pk": 3, "fields": {"name": "Allison Holmes", "image": "testi3_NkVFKMQ.jpg", "designation": "", "content": "Focused research studies make me a good international researcher. Thanks for shaping\r\nmy career."}}, {"model": "main_app.testimonials", "pk": 4, "fields": {"name": "Allison Holmes", "image": "testi4_Rz5QKWA.jpg", "designation": "", "content": "The strength of the university is well qualified and experienced international faculty\r\nmembers."}}, {"model": "main_app.testimonials", "pk": 5, "fields": {"name": "Allison Holmes", "image": "testi5_oMaK53x.jpg", "designation": "", "content": "The Azteca University provides me best research platform for my research."}}, {"model": "main_app.faculty", "pk": 1, "fields": {"image": "ricardo_AX3O0MR.jpg", "name": "Ricardo R. Saavedra Hidalgo", "designation": "Director & Chair International Programs", "qualification": "CNC, BSc. M.Ed. PhD,", "description": "Director and Legal representative of \u201cUniversidad Azteca International Network System\u201d and Founder and General Director of \u201cPro-Innovation Solutions SC\u201d, a consulting firm that provides service to transnational corporations, universities, governments and organizations in different countries like Mexico, United States, European Union, Malaysia, China, Taiwan, Bolivia, Peru, Honduras, Dominican Republic, Nicaragua and Costa Rica.\r\n\r\nHe has more than 19 years of experience as business consultant, with several executive positions worldwide. He has implemented successful operation in national and international companies and organizations. He has implemented educational technology, successful administrative design, application of acceleration models and innovation, setting out diagnosis and design of organizational structure. He has also created maps of leadership and integration of effective corporate team work. He is a consultant member for United Nations for more than 9 years; he also collaborates with UNESCO and DPI NGO Section at UN."}}, {"model": "main_app.faculty", "pk": 2, "fields": {"image": "gerhard_sv1AReB.jpg", "name": "Prof. Dr. Gerhard Berchtold,", "designation": "Decano de Programas Europeos", "qualification": "PGDipEDM, MBA, MPA, MA, LLM, PhD", "description": "Director of Business School Direct, Innsbruck, Austria the European Branch Center representative of Universidad Azteca, an Austrian scholar, management consultant, environmental policy advisor and businessman he is experienced in higher education provision and management.\r\n\r\nSince the 1980ies, Professor Berchtold has held a wide range of professional management and policy management experience, as well as distance education management and lecturing, research and consulting experiences. He has served the Austrian national Parliament and the European Parliament as consultant and assistant, was a full-vote member of the Austrian Superfund Commission (Altlastensanierungskommission), he used to be the administrative and political director of a fraction of the Tirol State Legislature. He has won awards including the Austrian annual prize for environment and public administration proposals, Oekomanager 2000, and is also a Salzburg Seminar alumnus (Environment and Diplomacy, 1994). He has published numerous publications and contributed substantially to both, international business at the operational level in terms of projects, facilities and technologies. Professor Berchtold has linguistic proficiency in German, English, Italian, Spanish and French."}}, {"model": "main_app.faculty", "pk": 3, "fields": {"image": "DrSubramonian_Jk9G0u5.jpg", "name": "Dr. Subramonian", "designation": "Researcher in E - learning, MRP for UGC", "qualification": "M.Com.,MPhil.PhD", "description": "National Record Holder in Continuous Teaching for 61 hrs 35 mts.\r\nContent Developer and Presenter for Gyandarshan, Doordarsan,Government of India.\r\nThe first author and creator of LOR (Learning Object Repository)\r\n\u201cWhat is Balance Sheet? \u201d which is hosted by U.G.C.\r\nIntroducerof Interactive Training Radio Programs for the first time in All India Radio.\r\nFormer Chief Technology Officer in World Association for Online Education, Japan.\r\nNational Service Scheme Programme Officer for 8 years.\r\nAuthor of more than 10 stories, two full length Drama and one Novel approved by the Government of Kerala for purchase by all School Libraries. All are free translations from Tamil."}}, {"model": "main_app.faculty", "pk": 4, "fields": {"image": "christia_abvD9j9.jpg", "name": "Prof. Dr. Christa Zuberb\u00fchler", "designation": "", "qualification": "MBA MPA MSc CMC", "description": "Christa Zuberb\u00fchler vereint durch ihre akademische Ausbildung Technik-Wirtschaft-Psychologie und wird zur Praxis ausgerichteten Unternehmensberaterin und zertifizierten Wirtschaftstrainerin. Sie ist seit vielen Jahren Beraterin f\u00fcr technische und wirtschaftliche Problemstellungen. Au\u00dferdem ist sie Sachbuchautorin, eingetragene Mediatorin und Lehrmediatorin weil sie u.a. die WirtschaftsMediation als die Methode erkennt, brach liegende Kreativit\u00e4tspotenziale ihrer Kunden zu wecken und l\u00f6sungsorientiert zu b\u00fcndeln."}}, {"model": "main_app.faculty", "pk": 5, "fields": {"image": "ZemeerNayarPadikkal_79Ma2pU.jpg", "name": "Prof. Zemeer Nayar Padikkal", "designation": "Profesor Titular en Administraci\u00f3n", "qualification": "BA, MBA, PhD", "description": "Zemeer Nayar Padikkal, he is specialized in Institutional relations at the International level, implementing a network of institutions in Asia and Middle East. Consultant for International companies in Dubai dealing with Waste Management System, Information Technology and Property Management. He has more than 15 years experience in Educational Consultancy."}}, {"model": "main_app.faculty", "pk": 6, "fields": {"image": "Dr._Ruchi_Doshi.jpg", "name": "Dr. Ruchi Doshi", "designation": "IEEE Senior Member and Chair, IEEE WIE   Professor, Computer Science and Engineering", "qualification": "B.Engineering (CSE), MBA, PhD", "description": "Dr. Ruchi Doshi is having more than 12 years of academic, research, and software development experience in Asia and Africa. Currently, she is working as a Research Professor at the Azteca University, Mexico, and Adjunct Professor at the Jyoti Vidyapeeth Women\u2019s University, Jaipur, Rajasthan, India. She worked in the BlueCrest University College, Liberia, West Africa as Registrar and Head, Examination; BlueCrest University College, Ghana, Africa; Amity University, Rajasthan, India; Trimax IT Infrastructure & Services, Udaipur, India.\r\n\r\nShe is nominated from the IEEE Headquarter, USA for the Chair, Women in Engineering (WIE) and Secretary Position in Liberia country. She worked with the Ministry of Higher Education (MoHE) in Liberia and Ghana for the Degree approvals and accreditations processes. She is interested in the field of Machine Learning and Cloud computing framework development. She has published 20 research papers in peer-reviewed international journals and conferences; 2 Indian Patents; 3 books on Cloud Computing, Mobile Cloud computing, and Intelligent IoT Systems for Big Data Analysis. She is a Reviewer, Advisor, Ambassador, and Editorial board member of various reputed International Journals and Conferences with IEEE, Springer, and Elsevier bodies. She is an active member in organizing many international seminars, workshops, and conferences in India, Ghana, and Liberia."}}, {"model": "main_app.thesispolicy", "pk": 1, "fields": {"title": "DBA Thesis Regulations (English) EUROPEAN PROGRAMMES", "description": "Thesis Regulations\r\nfor Dissertation Doctorates\r\nWithin the Joint\r\nInternational Double-Degree-Programme\r\nMBA & DBA / PhD\r\nin Administration\r\nUniversidad Atzeca\r\nand\r\nUCN Universidad Central de Nicaragua", "attachment": "dbaThesis_LKf6iAa.pdf"}}, {"model": "main_app.thesispolicy", "pk": 2, "fields": {"title": "DBA Thesis Regulations EUROPEAN PROGRAMMES", "description": "Thesis Regulations\r\nfor\r\nDissertation Doctorates\r\nWithin the Joint\r\nInternational Double-Degree-Programme\r\nMBA & DBA / PhD\r\nin Administration\r\nUniversidad Atzeca\r\nand\r\nUCN Universidad Central de Nicaragua", "attachment": "dbaThesis_B4Bpp6u_0cI61j3.pdf"}}, {"model": "main_app.academyworks", "pk": 1, "fields": {"title": "Check your E-mail", "icon": "booksCourses_tv196V8.svg", "attachment": "", "hyperlink": "https://login.microsoftonline.com/"}}, {"model": "main_app.academyworks", "pk": 2, "fields": {"title": "Application Form", "icon": "forms-document-svgrepo-com_JYPXkIn.svg", "attachment": "UA_Student_Application_OR-AP-03_100711_1_HULXVcV.doc", "hyperlink": ""}}, {"model": "main_app.academyworks", "pk": 3, "fields": {"title": "Prospectus 2021", "icon": "iconfinder_-_Research-Microbiology-Virus-Science-Microscope-Laboratory_6124199_CCt2UrU.svg", "attachment": "Prospectus2021_1_iEYIZLY.pdf", "hyperlink": ""}}, {"model": "main_app.academyworks", "pk": 4, "fields": {"title": "EUROPEAN PROGRAMS", "icon": "e-learning-svgrepo-com_7UjIQoI.svg", "attachment": "", "hyperlink": "https://uni-azteca.ac.at/"}}, {"model": "main_app.academyworks", "pk": 5, "fields": {"title": "PROGRAMAS CON RVOE M", "icon": "placement_WyXSndd.svg", "attachment": "", "hyperlink": "http://www.universidadazteca.edu.mx/"}}, {"model": "main_app.academyworks", "pk": 6, "fields": {"title": "GRADOS PROPIOS EN ESPA\u00d1OL", "icon": "Handshake_icon_GREEN-BLUE_6b8zLuD.svg", "attachment": "", "hyperlink": "https://www.doctorados-online.com/"}}, {"model": "main_app.gradetable", "pk": 1, "fields": {"grade": "100", "description": "Excellent (Excellent)", "inclusion": "Yes / Yes"}}, {"model": "main_app.gradetable", "pk": 2, "fields": {"grade": "90-99", "description": "Outstanding", "inclusion": "Yes / Yes"}}, {"model": "main_app.gradetable", "pk": 3, "fields": {"grade": "75-89", "description": "Remarkable", "inclusion": "Yes / Yes"}}, {"model": "main_app.gradetable", "pk": 4, "fields": {"grade": "60-74", "description": "Approved", "inclusion": "Yes / Yes"}}, {"model": "main_app.gradetable", "pk": 5, "fields": {"grade": "Less than", "description": "Failed (Fail)", "inclusion": "Yes / Yes"}}, {"model": "main_app.thesisevaluation", "pk": 1, "fields": {"criteria": "PURPOSE OF THE INVESTIGATION. ( Research: Purpose)", "hundread": "CLEAR PURPOSE AND ORIGINAL IDEA (Purpose is clear; original ideas)", "ninety": "CLEAR THESIS, SOME INDEPENDENT THINKING. (Clear thesis; some independent thought)", "eighty": "THE THESIS IS RECOGNIZED BUT LACKS ORIGINAL PURPOSE. (Recognizable thesis but lacks of original, significant purpose)", "seventy": "THE THESIS IS RECOGNIZED BUT LACKS ORIGINAL PURPOSE. (Recognizable thesis but lacks of original, significant purpose)", "fail": "IT DOES NOT HAVE A CLEAR PURPOSE. FREQUENTLY DOES NOT RESPOND CORRECTLY TO THE SUBJECT. (No clear purpose; often does not correctly respond to the assignment)"}}, {"model": "main_app.thesisevaluation", "pk": 5, "fields": {"criteria": "DEVELOPING. ( Development)", "hundread": "THE THESIS IS imaginatively, logically and precisely developed; analysis guides development , ANALYSIS GUIDES DEVELOPMENT (Thesis is imaginatively, logically and precisely developed; analysis guides development)", "ninety": "THE EXAMPLES SUPPORT THE THESIS IN A LOGICAL AND ORDERLY FORM; ANALYSIS PREDOMISES BUT FALLS IN NARRATIVE. (Examples support the thesis in an orderly and logical fashion; analysis predominates, but some descents into narrative)", "eighty": "ADEQUATE DEVELOPMENT; SOME EVIDENCE OF ANALYSIS BUT THE NARRATIVE GUIDES THE DEVELOPMENT. (Adequate development; some evidence of analysis, but narrative guides development)", "seventy": "SOME DEVELOPMENT. (Some development)", "fail": "NO DEVELOPMENT. ( No development)"}}, {"model": "main_app.thesisevaluation", "pk": 6, "fields": {"criteria": "ORGANIZATION. (Organization)", "hundread": "WELL ORGANIZED NOT MECHANICAL OR TAX. (Well organized; not mechanical or imposed)", "ninety": "CLEARLY AND LOGICALLY ORGANIZED SOME FORCED TRANSITIONS. (Clearly, logically organized; transitions are sometimes strained)", "eighty": "ORGANIZED; PREDICTABLE, MECHANIZED SEQUENCE ( Organized; predictable, mechanical sequence)", "seventy": "SOME EVIDENCE OF ORGANIZATION BUT NOT CLEARLY FOLLOWED. (Some evidence of organization; not clearly followed)", "fail": "THERE IS NO APPARENT PRINCIPLE OF ORGANIZATION; THERE IS NO RATIONALITY IN THE PARAGRAPHS. (No apparent principle of organization; no apparent rationale for paragraphing)"}}, {"model": "main_app.thesisevaluation", "pk": 7, "fields": {"criteria": "SOURCE MATERIAL. ( Source materials)", "hundread": "REFERENCES TO THE MATERIAL ARE SIGNIFICANT AND APPROPRIATELY RELATED TO THE PURPOSE. (References to materials are appropriate and significantly related to purpose)", "ninety": "MOST OF THE REFERENCES TO THE MATERIAL ARE ADEQUATE AND RELATED TO THE THESIS. (Most references to materials are appropriate and related to thesis)", "eighty": "THE REFERENCES TO THE MATERIALS ARE APPROPRIATE BUT NOT RELATED TO THE THESIS. (References to materials are appropriate but not always related to thesis)", "seventy": "FEW REFERENCES TO MATERIALS; THE REFERENCES ARE FEW TIMES RELATED TO THE THESIS. (Few references to materials; references seldom related to thesis)", "fail": "THERE ARE NO REFERENCES TO THE MATERIALS OR THOSE THAT EXIST ARE IRRELEVANT. (No references to materials or references are irrelevant)"}}, {"model": "main_app.thesisevaluation", "pk": 8, "fields": {"criteria": "STRUCTURE OF PRAYERS.", "hundread": "PRAYERS ARE VARIED BOTH IN LENGTH AND STRUCTURE.", "ninety": "PRAYERS ARE USUALLY VARIED.", "eighty": "FEW ERRORS IN THE STRUCTURE OF THE PRAYERS; SOME VARIATIONS IN LENGTH AND STRUCTURE.", "seventy": "ERRORS IN THE STRUCTURE OF SENTENCES; THERE ARE NO VARIATIONS IN LENGTH AND STRUCTURE.", "fail": "FREQUENT ERRORS IN THE STRUCTURE OF SENTENCES; IN SOME CASES NO UNDERSTANDING OF THE BASIC GRAMMAR STRUCTURE IS OBSERVED."}}, {"model": "main_app.thesisevaluation", "pk": 9, "fields": {"criteria": "DICTION.", "hundread": "CONCRETE AND APPROPRIATE WORDS USED CORRECTLY. THE DICTION IS ADEQUATE AND MATURE; COLLOQUIALISMS, CLICHES OR EXPRESSIONS ARE NOT USED.", "ninety": "THE CHOICE OF WORDS IS GENERALLY ACCURATE; THE WRITER CHOOSES EFFECTIVE AND ACCURATE WORDS INSTEAD OF AUTOMATIC CHOICE.", "eighty": "THE CHOICE OF WORDS IS GENERALLY ADEQUATE; THE VOCABULARY IS LIMITED IN NUMBER AND IN SOME CASES THE WORDS ARE ABSTRACT AND INACCURATE.", "seventy": "THE WORDS USED ARE VAGUE AND INACCURATE. THEY ARE BASED ON COLLOCHIALISMS AND LOCAL GERGA.", "fail": "WORDS THAT SHOULD BE IN THE RANK OF COLLEGE STUDENTS ARE MISUSE OR MISUSE."}}, {"model": "main_app.thesisevaluation", "pk": 10, "fields": {"criteria": "MECHANICS AND GRAMMATICAL STRUCTURE.", "hundread": "PRACTICALLY FREE OF MECHANICAL AND GRAMMATICAL ERRORS.", "ninety": "THE MECHANICS IS GENERALLY CORRECT; SOME PROBLEMS WITH COMPLEX GRAMMAR AS WELL AS WITH POINTING SIGNS.", "eighty": "SOME SYNTACTIC ERRORS, IN REFERENCE TO PRONOUNS, SPELLING AND POINTS.", "seventy": "FREQUENT SYNTACTIC ERRORS, IN REFERENCE TO PRONOUNS, SPELLING AND POINTING AS WELL AS ERRORED SENTENCES.", "fail": "FREQUENT MISTAKES IN SPELLING, SYNTAX AND OTHER ERRORS THAT DIFFICULT TO UNDERSTAND WHAT IS WRITTEN."}}, {"model": "main_app.studentfiles", "pk": 1, "fields": {"heading": "Office of the Registrar\u2019s Files.", "content": "The registrar is responsible for maintaining files that contain official transcripts of work performed by students at other institutions, official transcripts, and copies of occasional letters written by faculty and administration along with student replies. These letters generally are about academic programs, examinations, fellowships, etc. In addition, there are records of students\u2019 progress in their programs. Members of the faculty and administration have access to these files for use in student advisement. Also, the university transcript clerks have access to the files in order to maintain them and to provide authorized data to authorized persons."}}, {"model": "main_app.studentfiles", "pk": 2, "fields": {"heading": "Department Files.", "content": "Each Dean and Programme Coordinator is responsible for maintaining files that contain essentially the ame kinds of material as the registrar\u2019s files. These separate files are maintained for the convenience of the departments and are used in advising students. Members of the faculty in each department and the department staff have access to these files."}}, {"model": "main_app.studentfiles", "pk": 3, "fields": {"heading": "Credential Files", "content": "At the request of students, the Office of Career Services and Corporate Relations maintains files containing evaluations from faculty and staff of Universidad Azteca and other institutions attended either for Dual Degree Programmes or Credit Transfers, confidential letters of recommendation written by referees for the benefit of the students, and papers that students have prepared themselves. In addition to the Director & Chair, the staff of the Office of the Registrar and Dean of European Programmes has access to these files to carry out the work of the office."}}, {"model": "main_app.studentfiles", "pk": 4, "fields": {"heading": "Admissions Files.", "content": "The Admissions Office staff is responsible for maintaining files that contain letters of recommendation for admission to U.Azteca, transcripts of work performed at other institutions, scores of examinations that may be required by various departments, and the student\u2019s statement of purpose. All materials submitted become the property of the University. The admissions office staff and members of the admissions committees of the various departments also have access to these files for the purpose of carrying out the admissions function. After a student has been admitted to Universidad Azteca and actually registered for study here, these files are transferred to the Registrar."}}, {"model": "main_app.studentfiles", "pk": 5, "fields": {"heading": "Financial Files.", "content": "The Department of Finance is responsible for maintaining files that contain applications, academic compliance and tuition fees invoices, scholarships and information regarding awards from previous institutions. The Department of Finance staff has access to these files in order to process invoices, payment confirmation and scholarships."}}, {"model": "main_app.studentfiles", "pk": 6, "fields": {"heading": "Dean of European Program Files.", "content": "The Dean of European Programmes is responsible for maintaining files that contain background information and official documents about alleged student misconduct, disciplinary hearings, and student grievances. Information about student misconduct, alleged misconduct, and student grievances is considered to be confidential and is divulged on a strict \u00abneed-to-know\u00bb basis. The Chancellor (Rector) Director & Chair of International Programmes (Dir. Enlace International), Vice-Chancellor (Vice-Rector)  and their administrative staffs have access to the files for the purpose of conducting necessary investigation of charges, administering disciplinary or grievance hearings, and maintaining institutional records of such hearings."}}, {"model": "main_app.studentfiles", "pk": 7, "fields": {"heading": "Student Billing Files.", "content": "The Student Billing Office is responsible for maintaining files that contain payment contracts, student and third party payments, authorizations to charge or reverse charges, correspondence with the student and with third party sponsors, collections information and bankruptcy documentation"}}, {"model": "main_app.maincampus", "pk": 1, "fields": {"name": "Division of International Programmes", "region": "MAIN CAMPUS", "address": "Palma No. 61, Barrio San Antonio Chalco, Edo. De M\u00e9xico. CP. 56600", "phone": "+ 52 (55) 5986-3050"}}, {"model": "main_app.maincampus", "pk": 2, "fields": {"name": "OFFICE OF THE DEAN", "region": "EUROPE", "address": "Adamgasse 30/63, A 6020 Innsbruck, Austria", "phone": "+(43) 664 342 9717"}}, {"model": "main_app.maincampus", "pk": 3, "fields": {"name": "OFFICE OF THE EUROPEAN PROGRAMMES", "region": "EUROPE", "address": "Rennweg 37, A 6020 Innsbruck, Austria", "phone": ""}}, {"model": "main_app.maincampus", "pk": 4, "fields": {"name": "CHALCO \u2013(MAIN CAMPUS)", "region": "MEXICAN BRANCH", "address": "Calle Palma No. 61 y calle 3 de Mayo s/n, Barrio San Antonio, Chalco Edo. de M\u00e9xico C.P. 56600", "phone": ""}}, {"model": "main_app.academicscenters", "pk": 1, "fields": {"image": "chalcoGal01_suqsnt4.jpg", "name": "Chalco"}}, {"model": "main_app.academicscenters", "pk": 2, "fields": {"image": "tolucagal01_fIcxBuT.jpg", "name": "Tolucaga"}}, {"model": "main_app.academicscenters", "pk": 3, "fields": {"image": "sanjuangal_BiNZqQ4.jpg", "name": "San Juan del R\u00edo"}}, {"model": "main_app.universityoffering", "pk": 1, "fields": {"content": "A training proposal covering: Teachers, students, curriculums and programs, authorities, administrative, educational service providers, their employees, and family accompaniment."}}, {"model": "main_app.universityoffering", "pk": 2, "fields": {"content": "Educational content based on Humanism, competency training, meaningful learning and constructivism."}}, {"model": "main_app.universityoffering", "pk": 3, "fields": {"content": "Workshops, spiritual activities and tutoring"}}, {"model": "main_app.universityoffering", "pk": 4, "fields": {"content": "Various degree modalities"}}, {"model": "main_app.universityoffering", "pk": 5, "fields": {"content": "Appropriate teaching material and orientation of the Social Service and Professional Practices."}}, {"model": "main_app.educationalmodalities", "pk": 1, "fields": {"heading": "School Learnings", "content": "It is characterized by direct contact between the Teaching Advisor through face-to-face sessions and with the support of the Azteca Virtual Classroom."}}, {"model": "main_app.educationalmodalities", "pk": 2, "fields": {"heading": "Mixed Learnings", "content": "It combines directed learning under the conduct of an Advisory Teacher (with face-to-face sessions, at least twice a week), and open and independent learning with the support of the Azteca Virtual Classroom."}}, {"model": "main_app.educationalmodalities", "pk": 3, "fields": {"heading": "Non-Schooled Learning", "content": "It is done in line with the support of the Aztec Virtual Classroom and Teaching Advisors (with one face-to-face session per week), involves discipline and good study habits, relying on self-learning guides."}}, {"model": "main_app.educationmodel", "pk": 1, "fields": {"title": "modalidades educativas"}}, {"model": "main_app.educationmodel", "pk": 2, "fields": {"title": "AZTECA PEDAGOGICAL EDUCATIONAL MODEL"}}, {"model": "main_app.educationmodel", "pk": 3, "fields": {"title": "modelo educativo"}}, {"model": "main_app.educationalmodalcontent", "pk": 1, "fields": {"title": 3, "heading": "philosophy", "content": "Azteca University is an institution of high academic quality, based on experience learning that is inspired by Christian humanist thought, philosophy and pedagogical work of San Juan Bautista De La Salle."}}, {"model": "main_app.educationalmodalcontent", "pk": 2, "fields": {"title": 3, "heading": "mission", "content": "The Aztec University, based on Lasallian Christian humanism, has as its Mission the integral realization of the human being, training people in knowledge, skills, attitudes and values, with a high academic level capable of promoting the Common Good."}}, {"model": "main_app.educationalmodalcontent", "pk": 3, "fields": {"title": 3, "heading": "vision", "content": "Azteca University is a decisive factor in cultural, economic, political and social development, through its educational services, with graduates of excellence producing improvements in its environment and significant advances in humanist, scientific and technological knowledge, capable of fighting for the truth, maintaining a spirit of improvement and service."}}, {"model": "main_app.educationalmodalcontent", "pk": 4, "fields": {"title": 3, "heading": "Principles", "content": "We believe that the University should be open to anyone I want to form fully and promote the Common Good.\r\n\r\nWe believe that the University has a vocation to the research of truth and the unity of knowledge in the diversity of positions.\r\n\r\nWe believe in Jesus Supreme Image of God before men and Supreme Image of Man before God.\r\n\r\nWe profess the principles of Catholicism respecting those who do not part of them, demanding respect for them, respect for our own.\r\n\r\nWe believe that only thought-free men and women are able to transcend.\r\n\r\nWe believe in Man as a principle, and in the dignity of the person as the origin and purpose of every culture.\r\n\r\nWe believe in the family as the main cell of society and the first former of the human being.\r\n\r\nWe believe in eertiallearning, as a process of integral development of the person and transformation of societies.\r\n\r\nWe believe that science leads us to Truth.\r\n\r\nWe believe in the complementarity of the truths of Reason and the truths of Faith."}}, {"model": "main_app.educationalmodalcontent", "pk": 5, "fields": {"title": 1, "heading": "School Learnings", "content": "It is characterized by direct contact between the Teaching Advisor through face-to-face sessions and with the support of the Azteca Virtual Classroom."}}, {"model": "main_app.educationalmodalcontent", "pk": 6, "fields": {"title": 1, "heading": "Mixed Learnings", "content": "It combines directed learning under the conduct of an Advisory Teacher (with face-to-face sessions, at least twice a week), and open and independent learning with the support of the Azteca Virtual Classroom."}}, {"model": "main_app.educationalmodalcontent", "pk": 7, "fields": {"title": 1, "heading": "Non-Schooled Learning", "content": "It is done in line with the support of the Aztec Virtual Classroom and Teaching Advisors (with one face-to-face session per week), involves discipline and good study habits, relying on self-learning guides."}}, {"model": "main_app.educationalmodalcontent", "pk": 8, "fields": {"title": 2, "heading": "", "content": "A clear idea of what you want to achieve with the student (Student Profile)."}}, {"model": "main_app.educationalmodalcontent", "pk": 9, "fields": {"title": 2, "heading": "", "content": "An Educational Community with teachers attentive to the needs of students (Educator Profile)."}}, {"model": "main_app.educationalmodalcontent", "pk": 10, "fields": {"title": 2, "heading": "", "content": "A fraternal way to accompany the student (Accompaniment and Mediation)."}}, {"model": "main_app.educationalmodalcontent", "pk": 11, "fields": {"title": 2, "heading": "", "content": "A relevant, innovative and quality curriculum, which is constantly evaluated."}}, {"model": "main_app.educationalmodalcontent", "pk": 12, "fields": {"title": 2, "heading": "", "content": "An efficient Institutional Organization."}}, {"model": "main_app.nondiscriminationpolicy", "pk": 1, "fields": {"heading": "ACADEMIC FREEDOM", "image": "undraw_Powerful_re_frhr_jcUIiSG.svg", "content": "Universidad Azteca fosters plurality of thought and cultural diversity and, thus, its faculty\u2019s academic freedom. This right implies fulfilling the academic programs in effect and observing the established research norms. Academic freedom is understood as: The freedom to teach, this is, a professor\u2019s right to present the results of his/her research findings and studies, and the different schools of thought and analysis relevant to the discipline. The freedom to perform research, in agreement with Universidad Azteca mission\u2019s aim, and to publish its findings. Academic freedom implies the responsibility to refrain from using research as a proselytizing instrument in favor of any ideological, religious or political group."}}, {"model": "main_app.nondiscriminationpolicy", "pk": 2, "fields": {"heading": "EQUAL EMPLOYMENT OPPORTUNITY AND CONTINUOUS EMPLOY", "image": "undraw_Connecting_Teams_8ntu_o7ouCaP_3xWuL5Z.svg", "content": "Universidad Azteca is an equal opportunity employer with non-discrimination policies and absence of racial, gender, creed or social preference. However, applicants must demonstrate the professional and moral standards required for the position, as well as comply with the institutional principles, norms and policies in effect. Continuous employment is subject to the fulfillment of the same conditions."}}, {"model": "main_app.nondiscriminationpolicy", "pk": 3, "fields": {"heading": "EQUAL ENROLLMENT AND ATTENDANCE STANDARDS..", "image": "undraw_collab_8oes_qoM0dLY_2o2HjIF.svg", "content": "Universidad Azteca pledges to equal opportunity and non-discrimination policies with absence of racial, gender, creed or social preference. However, students must agree to comply with the admission requirements and institutional principles, norms and policies in effect. Continuous attendance is subject to the fulfillment of the same conditions.\r\nUniversidad Azteca seeks to foster social mobility through its financial aid programs and scholarship funds, made available to high-achieving students with proven economic need. Social mobility is also promoted through the creation of educational models aimed at reducing the education gap in target regions or countries."}}, {"model": "main_app.requirementheader", "pk": 1, "fields": {"heading": "Undergraduate Programs", "subHeading": "Candidates of all undergraduate degree programs must: Submit a 1-2 page typed narrative outlining one\u2019s intent (e.g., reasons for undertaking a college degree, professional aspirations, etc.).", "image": "undraw_analyze_17kw_1EE39Jo.svg"}}, {"model": "main_app.requirementheader", "pk": 2, "fields": {"heading": "GRADUATE ADMISSIONS", "subHeading": "Candidates of all undergraduate degree programs must: Submit a 1-2 page typed narrative outlining one\u2019s intent (e.g., reasons for undertaking a college degree, professional aspirations, etc.).", "image": "undraw_site_content_ihgn_iU2SLJW.svg"}}, {"model": "main_app.requirementheader", "pk": 3, "fields": {"heading": "MANDATORY GRADUATE DEGREE CANDIDATE INTERVIEW", "subHeading": "Most Master and Doctoral applications include an interview of some sort. This allows us to discuss the Doctoral Degree particulars with you in more detail.", "image": "undraw_interview_rmcf_7OW8UHC.svg"}}, {"model": "main_app.requirementcontent", "pk": 1, "fields": {"header": 1, "content": "Duly signed and fully completed the Application Form for Admissions."}}, {"model": "main_app.requirementcontent", "pk": 2, "fields": {"header": 1, "content": "Copies of High School Diploma or Equivalent."}}, {"model": "main_app.requirementcontent", "pk": 3, "fields": {"header": 1, "content": "Copies of any Certificates and Credentials if available."}}, {"model": "main_app.requirementcontent", "pk": 4, "fields": {"header": 1, "content": "Copies of all transcripts, diploma supplement or High School student record."}}, {"model": "main_app.requirementcontent", "pk": 5, "fields": {"header": 1, "content": "All applicants are required to provide a Resume or CV."}}, {"model": "main_app.requirementcontent", "pk": 6, "fields": {"header": 1, "content": "Passport Color Copy and Photo (Passport Style in formal dress)."}}, {"model": "main_app.requirementcontent", "pk": 7, "fields": {"header": 2, "content": "Duly signed and fully completed the Application Form for Admissions."}}, {"model": "main_app.requirementcontent", "pk": 8, "fields": {"header": 2, "content": "Copies of all Diploma, Academic Degrees, Certificates and Credentials awarded or issued by accredited or recognized Colleges, Universities, or Postsecondary Institutions.."}}, {"model": "main_app.requirementcontent", "pk": 9, "fields": {"header": 2, "content": "Copies of all previous studies (transcripts, diploma supplement)."}}, {"model": "main_app.requirementcontent", "pk": 10, "fields": {"header": 2, "content": "All applicants are required to provide a Resume or CV."}}, {"model": "main_app.requirementcontent", "pk": 11, "fields": {"header": 2, "content": "Passport Color Copy."}}, {"model": "main_app.requirementcontent", "pk": 12, "fields": {"header": 2, "content": "Photo (Passport Style in formal dress)."}}, {"model": "main_app.requirementcontent", "pk": 13, "fields": {"header": 3, "content": "We will ask you about your background, goals and project, we will discuss how Azteca University can help you achieve your professional goals at Doctoral Levels. Once Azteca University has invited you for an interview it\u2019s a safe bet that we think you can complete Graduate Program. This makes the interview an important part of your Graduate application. Your interview will be an important part of your postgraduate research application. This is your chance to meet your prospective Department, discuss your project and show your potential as an Academic Researcher. Please confirm the best date and time for you, and tell us your local time zone, we have elite of Graduate and Post-Graduate Students all around the world; please confirm your City and \u2013country of Residence.\r\nThose with former College/University Courses or from one of our Accredited Centers (Branch Campus) at the Graduate level may, if appropriate, complete a Transfer Credit Process at the time of initial application or as soon thereafter as possible. Please verify that courses have been completed at an accredited or Ministry-recognized University or equivalent, that the institution is specifically approved to offer graduate degrees, and that the course or courses is/are aligned in content and level with that/those offered at Universidad Azteca."}}, {"model": "main_app.advantagesheader", "pk": 1, "fields": {"header": "Advantage of Having a Masters Degree", "content": ""}}, {"model": "main_app.advantagesheader", "pk": 2, "fields": {"header": "Advantage of Having a Doctoral Degree", "content": "You can have the luxury of having Dr. as your title.\r\n\r\nYour analytical skills will sky rocket, you will learn to sharpen your analytical skills, and will then be able to apply these skills to subsequent ventures.\r\n\r\nYou will be a recognized expert in your field, and you will have a fully accredited PhD Degree to prove it.\r\n\r\nDoctoral Degree is the highest degree that students can achieve. If you strive for greatness, and nothing short of being the best will do, a PhD, DBA, D.Ed. D.Sc. or D.Litt. will definitely fulfill your intellectual satisfaction.\r\n\r\nDoctoral education has become of paramount significance in a world where knowledge is the new \u2018fuel\u2019, the ultimate economic renewable to economic growth leading to a knowledge-based economy.\r\n\r\nPhD experience is perceived as adding value in distinguishing oneself from colleagues"}}, {"model": "main_app.advantagesheader", "pk": 3, "fields": {"header": "Why with us?", "content": ""}}, {"model": "main_app.advantagesheader", "pk": 4, "fields": {"header": "Azteca facts", "content": ""}}, {"model": "main_app.advantagescontent", "pk": 1, "fields": {"header": 4, "contentHeading": "Degree can be fully certified by Ministry of Foreign Affairs.", "contentData": ""}}, {"model": "main_app.advantagescontent", "pk": 2, "fields": {"header": 4, "contentHeading": "Universidad Azteca is a nationally recognized university by National Ministry of Education.", "contentData": ""}}, {"model": "main_app.advantagescontent", "pk": 3, "fields": {"header": 4, "contentHeading": "More than 10,000 Students On campus.", "contentData": ""}}, {"model": "main_app.advantagescontent", "pk": 4, "fields": {"header": 4, "contentHeading": "Fully Accredited by TRACCERT, Training Accreditation & Certification Organization Canada. a member of AAAC Association of Accrediting Agencies of Canada and a registered Accreditation and Certification Body with the Government of Canada.", "contentData": ""}}, {"model": "main_app.advantagescontent", "pk": 5, "fields": {"header": 4, "contentHeading": "Azteca University is Certified ISO 9001:2015 and ISO 29990:2010.", "contentData": ""}}, {"model": "main_app.advantagescontent", "pk": 6, "fields": {"header": 4, "contentHeading": "Our internationally reputed faculty of professors and researchers.", "contentData": ""}}, {"model": "main_app.advantagescontent", "pk": 7, "fields": {"header": 4, "contentHeading": "Azteca University is listed at IAU- UNESCO the United Nations Educational, Scientific and Cultural Organization directory.", "contentData": ""}}, {"model": "main_app.advantagescontent", "pk": 8, "fields": {"header": 4, "contentHeading": "Azteca University Degrees can be Legalized with Apostille or Embassies Attestations.", "contentData": ""}}, {"model": "main_app.advantagescontent", "pk": 9, "fields": {"header": 4, "contentHeading": "Decades of experience in international higher education.", "contentData": ""}}, {"model": "main_app.advantagescontent", "pk": 10, "fields": {"header": 4, "contentHeading": "Support for thisrd party verifications, continuing education or employment purposes.", "contentData": ""}}, {"model": "main_app.advantagescontent", "pk": 11, "fields": {"header": 4, "contentHeading": "Azteca University Degree can be receive the Canadian Accrediting Agency Certification (Digital at the Agency Portal and Hard Copy)", "contentData": ""}}, {"model": "main_app.advantagescontent", "pk": 12, "fields": {"header": 4, "contentHeading": "Immigration support to Canada.", "contentData": ""}}, {"model": "main_app.advantagescontent", "pk": 13, "fields": {"header": 4, "contentHeading": "Innovative educational system.", "contentData": ""}}, {"model": "main_app.advantagescontent", "pk": 14, "fields": {"header": 4, "contentHeading": "World class research and curriculums.", "contentData": ""}}, {"model": "main_app.advantagescontent", "pk": 15, "fields": {"header": 4, "contentHeading": "The benefits of Research Off-Campus programs.", "contentData": ""}}, {"model": "main_app.advantagescontent", "pk": 16, "fields": {"header": 4, "contentHeading": "International Networking in USA, Canada, Europe, Latin America, Africa, Asia, and Middle East.", "contentData": ""}}, {"model": "main_app.advantagescontent", "pk": 17, "fields": {"header": 4, "contentHeading": "Graduated Students can participate at Official Graduations at Campus", "contentData": ""}}, {"model": "main_app.advantagescontent", "pk": 18, "fields": {"header": 3, "contentHeading": "We are focused on the individual self, offering each student a life plan that allows discovering the inner potential positively, allowing to find the right path, giving meaning to their lives and conduct their work based on humanist priciples, building lives with the values of truth, justice and honesty.", "contentData": ""}}, {"model": "main_app.advantagescontent", "pk": 19, "fields": {"header": 3, "contentHeading": "Using learning networks and advanced information technologies, the University offers graduate academic programs; continuing education programs.", "contentData": ""}}, {"model": "main_app.advantagescontent", "pk": 20, "fields": {"header": 3, "contentHeading": "Universidad Azteca is a multi-campus university system of national and international representatives. The coverage of Universidad Azteca\u00b4s International Liaison extends to various regions worldwide.", "contentData": ""}}, {"model": "main_app.advantagescontent", "pk": 21, "fields": {"header": 3, "contentHeading": "As a dynamic university, we strive to offer,through effective teaching, quality education founded on the idea that one\u2019s intellectual and personal development go hand in hand, complementing and fulfilling\r\neach other.", "contentData": ""}}, {"model": "main_app.advantagescontent", "pk": 22, "fields": {"header": 3, "contentHeading": "Inter-University Programs also aim at preparing students for informed service and progressive leadership in their communities and to fulfilling the immediate and final goals of their lives.", "contentData": ""}}, {"model": "main_app.advantagescontent", "pk": 23, "fields": {"header": 2, "contentHeading": "Development of social skills (communication, presentation).", "contentData": ""}}, {"model": "main_app.advantagescontent", "pk": 24, "fields": {"header": 2, "contentHeading": "Accessing professional networks and building personal, relationships and social recognition.", "contentData": ""}}, {"model": "main_app.advantagescontent", "pk": 25, "fields": {"header": 2, "contentHeading": "In some social circles, a PhD is considered as an advantage; let\u2019s say as social status, highlighting personal development, such as maturity and independence.", "contentData": ""}}, {"model": "main_app.advantagescontent", "pk": 26, "fields": {"header": 2, "contentHeading": "A Master and Doctoral Degrees might allow you to be your own boss. You can have your own business and run your own research program.", "contentData": ""}}, {"model": "main_app.advantagescontent", "pk": 27, "fields": {"header": 2, "contentHeading": "You can write grants based on your ideas and submit them to national funding agencies", "contentData": ""}}, {"model": "main_app.advantagescontent", "pk": 28, "fields": {"header": 2, "contentHeading": "Public benefits of attending college include increased tax revenues, greater workplace productivity, increased consumption, increased workforce flexibility, and decreased reliance on government financial support (Institute for Higher Education Policy, 1998).", "contentData": ""}}, {"model": "main_app.advantagescontent", "pk": 29, "fields": {"header": 2, "contentHeading": "You can travel to scientific meetings all over the world to present your results.", "contentData": ""}}, {"model": "main_app.advantagescontent", "pk": 30, "fields": {"header": 2, "contentHeading": "You can be the main author on papers that appear in prestigious journals.", "contentData": ""}}, {"model": "main_app.advantagescontent", "pk": 31, "fields": {"header": 2, "contentHeading": "You can teach and train students at the undergraduate and graduate level and postdoctoral fellows.", "contentData": ""}}, {"model": "main_app.advantagescontent", "pk": 32, "fields": {"header": 2, "contentHeading": "You have the opportunity to travel both nationally and internationally to attend meetings, present your research, and collaborate with other scholars.", "contentData": ""}}, {"model": "main_app.advantagescontent", "pk": 33, "fields": {"header": 1, "contentHeading": "Increased Job Potential", "contentData": "A June 2009 article in \u00abThe New York Times\u00bb noted that many people have equated a bachelor\u2019s degree in the 21st century to earning a diploma in the past. Thus, with more people graduating college and flooding the job market, it often takes a master\u2019s degree to stand out from the crowd. Jobs that you could once get with a four-year degree may even require a graduate degree."}}, {"model": "main_app.advantagescontent", "pk": 34, "fields": {"header": 1, "contentHeading": "Credibility", "contentData": "Thus your personal credibility depends in your sincerity, honesty, integrity and personal commitment, a Master\u2019s degree also has intangible value. The pride in telling friends and family that you have an Accredited Graduate Degree has value.\r\n\r\nWithin your profession or industry, you may also experience higher levels of credibility among peers or clients. You may even find supplemental income opportunities, such as speaking, teaching or writing, that wouldn\u2019t be available with a Bachelor\u2019s."}}, {"model": "main_app.advantagescontent", "pk": 35, "fields": {"header": 1, "contentHeading": "Quality of Life Promotability", "contentData": "A master\u2019s may also grant you greater staying power and promotability within an organization. A May 2010 article on the Society for Human Resource Management website noted that demand is so great for advanced education in the HR field that a master\u2019s not only increases pay, but also leads to greater sustainability within an organization."}}, {"model": "main_app.advantagescontent", "pk": 36, "fields": {"header": 1, "contentHeading": "More Earning Income", "contentData": "This always depends on your own capacity, however, statistically, it has proven consistent in doing so. The U.S. Bureau of Labor Statistics noted that a typical master\u2019s degree holder earned $1,300 per week in 2012. This marked a 22 percent higher earning potential relative to bachelor\u2019s degree holders"}}, {"model": "auth.permission", "pk": 1, "fields": {"name": "Can add log entry", "content_type": 1, "codename": "add_logentry"}}, {"model": "auth.permission", "pk": 2, "fields": {"name": "Can change log entry", "content_type": 1, "codename": "change_logentry"}}, {"model": "auth.permission", "pk": 3, "fields": {"name": "Can delete log entry", "content_type": 1, "codename": "delete_logentry"}}, {"model": "auth.permission", "pk": 4, "fields": {"name": "Can view log entry", "content_type": 1, "codename": "view_logentry"}}, {"model": "auth.permission", "pk": 5, "fields": {"name": "Can add permission", "content_type": 2, "codename": "add_permission"}}, {"model": "auth.permission", "pk": 6, "fields": {"name": "Can change permission", "content_type": 2, "codename": "change_permission"}}, {"model": "auth.permission", "pk": 7, "fields": {"name": "Can delete permission", "content_type": 2, "codename": "delete_permission"}}, {"model": "auth.permission", "pk": 8, "fields": {"name": "Can view permission", "content_type": 2, "codename": "view_permission"}}, {"model": "auth.permission", "pk": 9, "fields": {"name": "Can add group", "content_type": 3, "codename": "add_group"}}, {"model": "auth.permission", "pk": 10, "fields": {"name": "Can change group", "content_type": 3, "codename": "change_group"}}, {"model": "auth.permission", "pk": 11, "fields": {"name": "Can delete group", "content_type": 3, "codename": "delete_group"}}, {"model": "auth.permission", "pk": 12, "fields": {"name": "Can view group", "content_type": 3, "codename": "view_group"}}, {"model": "auth.permission", "pk": 13, "fields": {"name": "Can add user", "content_type": 4, "codename": "add_user"}}, {"model": "auth.permission", "pk": 14, "fields": {"name": "Can change user", "content_type": 4, "codename": "change_user"}}, {"model": "auth.permission", "pk": 15, "fields": {"name": "Can delete user", "content_type": 4, "codename": "delete_user"}}, {"model": "auth.permission", "pk": 16, "fields": {"name": "Can view user", "content_type": 4, "codename": "view_user"}}, {"model": "auth.permission", "pk": 17, "fields": {"name": "Can add content type", "content_type": 5, "codename": "add_contenttype"}}, {"model": "auth.permission", "pk": 18, "fields": {"name": "Can change content type", "content_type": 5, "codename": "change_contenttype"}}, {"model": "auth.permission", "pk": 19, "fields": {"name": "Can delete content type", "content_type": 5, "codename": "delete_contenttype"}}, {"model": "auth.permission", "pk": 20, "fields": {"name": "Can view content type", "content_type": 5, "codename": "view_contenttype"}}, {"model": "auth.permission", "pk": 21, "fields": {"name": "Can add session", "content_type": 6, "codename": "add_session"}}, {"model": "auth.permission", "pk": 22, "fields": {"name": "Can change session", "content_type": 6, "codename": "change_session"}}, {"model": "auth.permission", "pk": 23, "fields": {"name": "Can delete session", "content_type": 6, "codename": "delete_session"}}, {"model": "auth.permission", "pk": 24, "fields": {"name": "Can view session", "content_type": 6, "codename": "view_session"}}, {"model": "auth.permission", "pk": 25, "fields": {"name": "Can add degree program", "content_type": 7, "codename": "add_degreeprogram"}}, {"model": "auth.permission", "pk": 26, "fields": {"name": "Can change degree program", "content_type": 7, "codename": "change_degreeprogram"}}, {"model": "auth.permission", "pk": 27, "fields": {"name": "Can delete degree program", "content_type": 7, "codename": "delete_degreeprogram"}}, {"model": "auth.permission", "pk": 28, "fields": {"name": "Can view degree program", "content_type": 7, "codename": "view_degreeprogram"}}, {"model": "auth.permission", "pk": 29, "fields": {"name": "Can add educational offering", "content_type": 8, "codename": "add_educationaloffering"}}, {"model": "auth.permission", "pk": 30, "fields": {"name": "Can change educational offering", "content_type": 8, "codename": "change_educationaloffering"}}, {"model": "auth.permission", "pk": 31, "fields": {"name": "Can delete educational offering", "content_type": 8, "codename": "delete_educationaloffering"}}, {"model": "auth.permission", "pk": 32, "fields": {"name": "Can view educational offering", "content_type": 8, "codename": "view_educationaloffering"}}, {"model": "auth.permission", "pk": 33, "fields": {"name": "Can add policy", "content_type": 9, "codename": "add_policy"}}, {"model": "auth.permission", "pk": 34, "fields": {"name": "Can change policy", "content_type": 9, "codename": "change_policy"}}, {"model": "auth.permission", "pk": 35, "fields": {"name": "Can delete policy", "content_type": 9, "codename": "delete_policy"}}, {"model": "auth.permission", "pk": 36, "fields": {"name": "Can view policy", "content_type": 9, "codename": "view_policy"}}, {"model": "auth.permission", "pk": 37, "fields": {"name": "Can add policy detail", "content_type": 10, "codename": "add_policydetail"}}, {"model": "auth.permission", "pk": 38, "fields": {"name": "Can change policy detail", "content_type": 10, "codename": "change_policydetail"}}, {"model": "auth.permission", "pk": 39, "fields": {"name": "Can delete policy detail", "content_type": 10, "codename": "delete_policydetail"}}, {"model": "auth.permission", "pk": 40, "fields": {"name": "Can view policy detail", "content_type": 10, "codename": "view_policydetail"}}, {"model": "auth.permission", "pk": 41, "fields": {"name": "Can add refund charges", "content_type": 11, "codename": "add_refundcharges"}}, {"model": "auth.permission", "pk": 42, "fields": {"name": "Can change refund charges", "content_type": 11, "codename": "change_refundcharges"}}, {"model": "auth.permission", "pk": 43, "fields": {"name": "Can delete refund charges", "content_type": 11, "codename": "delete_refundcharges"}}, {"model": "auth.permission", "pk": 44, "fields": {"name": "Can view refund charges", "content_type": 11, "codename": "view_refundcharges"}}, {"model": "auth.permission", "pk": 45, "fields": {"name": "Can add refund steps", "content_type": 12, "codename": "add_refundsteps"}}, {"model": "auth.permission", "pk": 46, "fields": {"name": "Can change refund steps", "content_type": 12, "codename": "change_refundsteps"}}, {"model": "auth.permission", "pk": 47, "fields": {"name": "Can delete refund steps", "content_type": 12, "codename": "delete_refundsteps"}}, {"model": "auth.permission", "pk": 48, "fields": {"name": "Can view refund steps", "content_type": 12, "codename": "view_refundsteps"}}, {"model": "auth.permission", "pk": 49, "fields": {"name": "Can add specialization", "content_type": 13, "codename": "add_specialization"}}, {"model": "auth.permission", "pk": 50, "fields": {"name": "Can change specialization", "content_type": 13, "codename": "change_specialization"}}, {"model": "auth.permission", "pk": 51, "fields": {"name": "Can delete specialization", "content_type": 13, "codename": "delete_specialization"}}, {"model": "auth.permission", "pk": 52, "fields": {"name": "Can view specialization", "content_type": 13, "codename": "view_specialization"}}, {"model": "auth.permission", "pk": 53, "fields": {"name": "Can add acceptance policy", "content_type": 14, "codename": "add_acceptancepolicy"}}, {"model": "auth.permission", "pk": 54, "fields": {"name": "Can change acceptance policy", "content_type": 14, "codename": "change_acceptancepolicy"}}, {"model": "auth.permission", "pk": 55, "fields": {"name": "Can delete acceptance policy", "content_type": 14, "codename": "delete_acceptancepolicy"}}, {"model": "auth.permission", "pk": 56, "fields": {"name": "Can view acceptance policy", "content_type": 14, "codename": "view_acceptancepolicy"}}, {"model": "auth.permission", "pk": 57, "fields": {"name": "Can add nomination consideration", "content_type": 15, "codename": "add_nominationconsideration"}}, {"model": "auth.permission", "pk": 58, "fields": {"name": "Can change nomination consideration", "content_type": 15, "codename": "change_nominationconsideration"}}, {"model": "auth.permission", "pk": 59, "fields": {"name": "Can delete nomination consideration", "content_type": 15, "codename": "delete_nominationconsideration"}}, {"model": "auth.permission", "pk": 60, "fields": {"name": "Can view nomination consideration", "content_type": 15, "codename": "view_nominationconsideration"}}, {"model": "auth.permission", "pk": 61, "fields": {"name": "Can add eligibility details", "content_type": 16, "codename": "add_eligibilitydetails"}}, {"model": "auth.permission", "pk": 62, "fields": {"name": "Can change eligibility details", "content_type": 16, "codename": "change_eligibilitydetails"}}, {"model": "auth.permission", "pk": 63, "fields": {"name": "Can delete eligibility details", "content_type": 16, "codename": "delete_eligibilitydetails"}}, {"model": "auth.permission", "pk": 64, "fields": {"name": "Can view eligibility details", "content_type": 16, "codename": "view_eligibilitydetails"}}, {"model": "auth.permission", "pk": 65, "fields": {"name": "Can add eligibility header", "content_type": 17, "codename": "add_eligibilityheader"}}, {"model": "auth.permission", "pk": 66, "fields": {"name": "Can change eligibility header", "content_type": 17, "codename": "change_eligibilityheader"}}, {"model": "auth.permission", "pk": 67, "fields": {"name": "Can delete eligibility header", "content_type": 17, "codename": "delete_eligibilityheader"}}, {"model": "auth.permission", "pk": 68, "fields": {"name": "Can view eligibility header", "content_type": 17, "codename": "view_eligibilityheader"}}, {"model": "auth.permission", "pk": 69, "fields": {"name": "Can add news and updates", "content_type": 18, "codename": "add_newsandupdates"}}, {"model": "auth.permission", "pk": 70, "fields": {"name": "Can change news and updates", "content_type": 18, "codename": "change_newsandupdates"}}, {"model": "auth.permission", "pk": 71, "fields": {"name": "Can delete news and updates", "content_type": 18, "codename": "delete_newsandupdates"}}, {"model": "auth.permission", "pk": 72, "fields": {"name": "Can view news and updates", "content_type": 18, "codename": "view_newsandupdates"}}, {"model": "auth.permission", "pk": 73, "fields": {"name": "Can add gallery", "content_type": 19, "codename": "add_gallery"}}, {"model": "auth.permission", "pk": 74, "fields": {"name": "Can change gallery", "content_type": 19, "codename": "change_gallery"}}, {"model": "auth.permission", "pk": 75, "fields": {"name": "Can delete gallery", "content_type": 19, "codename": "delete_gallery"}}, {"model": "auth.permission", "pk": 76, "fields": {"name": "Can view gallery", "content_type": 19, "codename": "view_gallery"}}, {"model": "auth.permission", "pk": 77, "fields": {"name": "Can add home slider", "content_type": 20, "codename": "add_homeslider"}}, {"model": "auth.permission", "pk": 78, "fields": {"name": "Can change home slider", "content_type": 20, "codename": "change_homeslider"}}, {"model": "auth.permission", "pk": 79, "fields": {"name": "Can delete home slider", "content_type": 20, "codename": "delete_homeslider"}}, {"model": "auth.permission", "pk": 80, "fields": {"name": "Can view home slider", "content_type": 20, "codename": "view_homeslider"}}, {"model": "auth.permission", "pk": 81, "fields": {"name": "Can add vision and mission", "content_type": 21, "codename": "add_visionandmission"}}, {"model": "auth.permission", "pk": 82, "fields": {"name": "Can change vision and mission", "content_type": 21, "codename": "change_visionandmission"}}, {"model": "auth.permission", "pk": 83, "fields": {"name": "Can delete vision and mission", "content_type": 21, "codename": "delete_visionandmission"}}, {"model": "auth.permission", "pk": 84, "fields": {"name": "Can view vision and mission", "content_type": 21, "codename": "view_visionandmission"}}, {"model": "auth.permission", "pk": 85, "fields": {"name": "Can add chancellor message", "content_type": 22, "codename": "add_chancellormessage"}}, {"model": "auth.permission", "pk": 86, "fields": {"name": "Can change chancellor message", "content_type": 22, "codename": "change_chancellormessage"}}, {"model": "auth.permission", "pk": 87, "fields": {"name": "Can delete chancellor message", "content_type": 22, "codename": "delete_chancellormessage"}}, {"model": "auth.permission", "pk": 88, "fields": {"name": "Can view chancellor message", "content_type": 22, "codename": "view_chancellormessage"}}, {"model": "auth.permission", "pk": 89, "fields": {"name": "Can add contact query", "content_type": 23, "codename": "add_contactquery"}}, {"model": "auth.permission", "pk": 90, "fields": {"name": "Can change contact query", "content_type": 23, "codename": "change_contactquery"}}, {"model": "auth.permission", "pk": 91, "fields": {"name": "Can delete contact query", "content_type": 23, "codename": "delete_contactquery"}}, {"model": "auth.permission", "pk": 92, "fields": {"name": "Can view contact query", "content_type": 23, "codename": "view_contactquery"}}, {"model": "auth.permission", "pk": 93, "fields": {"name": "Can add accreditation list", "content_type": 24, "codename": "add_accreditationlist"}}, {"model": "auth.permission", "pk": 94, "fields": {"name": "Can change accreditation list", "content_type": 24, "codename": "change_accreditationlist"}}, {"model": "auth.permission", "pk": 95, "fields": {"name": "Can delete accreditation list", "content_type": 24, "codename": "delete_accreditationlist"}}, {"model": "auth.permission", "pk": 96, "fields": {"name": "Can view accreditation list", "content_type": 24, "codename": "view_accreditationlist"}}, {"model": "auth.permission", "pk": 97, "fields": {"name": "Can add accreditation paragraph", "content_type": 25, "codename": "add_accreditationparagraph"}}, {"model": "auth.permission", "pk": 98, "fields": {"name": "Can change accreditation paragraph", "content_type": 25, "codename": "change_accreditationparagraph"}}, {"model": "auth.permission", "pk": 99, "fields": {"name": "Can delete accreditation paragraph", "content_type": 25, "codename": "delete_accreditationparagraph"}}, {"model": "auth.permission", "pk": 100, "fields": {"name": "Can view accreditation paragraph", "content_type": 25, "codename": "view_accreditationparagraph"}}, {"model": "auth.permission", "pk": 101, "fields": {"name": "Can add describing accreditation paragraph", "content_type": 26, "codename": "add_describingaccreditationparagraph"}}, {"model": "auth.permission", "pk": 102, "fields": {"name": "Can change describing accreditation paragraph", "content_type": 26, "codename": "change_describingaccreditationparagraph"}}, {"model": "auth.permission", "pk": 103, "fields": {"name": "Can delete describing accreditation paragraph", "content_type": 26, "codename": "delete_describingaccreditationparagraph"}}, {"model": "auth.permission", "pk": 104, "fields": {"name": "Can view describing accreditation paragraph", "content_type": 26, "codename": "view_describingaccreditationparagraph"}}, {"model": "auth.permission", "pk": 105, "fields": {"name": "Can add describing accreditation", "content_type": 27, "codename": "add_describingaccreditation"}}, {"model": "auth.permission", "pk": 106, "fields": {"name": "Can change describing accreditation", "content_type": 27, "codename": "change_describingaccreditation"}}, {"model": "auth.permission", "pk": 107, "fields": {"name": "Can delete describing accreditation", "content_type": 27, "codename": "delete_describingaccreditation"}}, {"model": "auth.permission", "pk": 108, "fields": {"name": "Can view describing accreditation", "content_type": 27, "codename": "view_describingaccreditation"}}, {"model": "auth.permission", "pk": 109, "fields": {"name": "Can add accreditation importance", "content_type": 28, "codename": "add_accreditationimportance"}}, {"model": "auth.permission", "pk": 110, "fields": {"name": "Can change accreditation importance", "content_type": 28, "codename": "change_accreditationimportance"}}, {"model": "auth.permission", "pk": 111, "fields": {"name": "Can delete accreditation importance", "content_type": 28, "codename": "delete_accreditationimportance"}}, {"model": "auth.permission", "pk": 112, "fields": {"name": "Can view accreditation importance", "content_type": 28, "codename": "view_accreditationimportance"}}, {"model": "auth.permission", "pk": 113, "fields": {"name": "Can add after graduation services", "content_type": 29, "codename": "add_aftergraduationservices"}}, {"model": "auth.permission", "pk": 114, "fields": {"name": "Can change after graduation services", "content_type": 29, "codename": "change_aftergraduationservices"}}, {"model": "auth.permission", "pk": 115, "fields": {"name": "Can delete after graduation services", "content_type": 29, "codename": "delete_aftergraduationservices"}}, {"model": "auth.permission", "pk": 116, "fields": {"name": "Can view after graduation services", "content_type": 29, "codename": "view_aftergraduationservices"}}, {"model": "auth.permission", "pk": 117, "fields": {"name": "Can add accreditated centers", "content_type": 30, "codename": "add_accreditatedcenters"}}, {"model": "auth.permission", "pk": 118, "fields": {"name": "Can change accreditated centers", "content_type": 30, "codename": "change_accreditatedcenters"}}, {"model": "auth.permission", "pk": 119, "fields": {"name": "Can delete accreditated centers", "content_type": 30, "codename": "delete_accreditatedcenters"}}, {"model": "auth.permission", "pk": 120, "fields": {"name": "Can view accreditated centers", "content_type": 30, "codename": "view_accreditatedcenters"}}, {"model": "auth.permission", "pk": 121, "fields": {"name": "Can add testimonials", "content_type": 31, "codename": "add_testimonials"}}, {"model": "auth.permission", "pk": 122, "fields": {"name": "Can change testimonials", "content_type": 31, "codename": "change_testimonials"}}, {"model": "auth.permission", "pk": 123, "fields": {"name": "Can delete testimonials", "content_type": 31, "codename": "delete_testimonials"}}, {"model": "auth.permission", "pk": 124, "fields": {"name": "Can view testimonials", "content_type": 31, "codename": "view_testimonials"}}, {"model": "auth.permission", "pk": 125, "fields": {"name": "Can add faculty", "content_type": 32, "codename": "add_faculty"}}, {"model": "auth.permission", "pk": 126, "fields": {"name": "Can change faculty", "content_type": 32, "codename": "change_faculty"}}, {"model": "auth.permission", "pk": 127, "fields": {"name": "Can delete faculty", "content_type": 32, "codename": "delete_faculty"}}, {"model": "auth.permission", "pk": 128, "fields": {"name": "Can view faculty", "content_type": 32, "codename": "view_faculty"}}, {"model": "auth.permission", "pk": 129, "fields": {"name": "Can add thesis policy", "content_type": 33, "codename": "add_thesispolicy"}}, {"model": "auth.permission", "pk": 130, "fields": {"name": "Can change thesis policy", "content_type": 33, "codename": "change_thesispolicy"}}, {"model": "auth.permission", "pk": 131, "fields": {"name": "Can delete thesis policy", "content_type": 33, "codename": "delete_thesispolicy"}}, {"model": "auth.permission", "pk": 132, "fields": {"name": "Can view thesis policy", "content_type": 33, "codename": "view_thesispolicy"}}, {"model": "auth.permission", "pk": 133, "fields": {"name": "Can add academy works", "content_type": 34, "codename": "add_academyworks"}}, {"model": "auth.permission", "pk": 134, "fields": {"name": "Can change academy works", "content_type": 34, "codename": "change_academyworks"}}, {"model": "auth.permission", "pk": 135, "fields": {"name": "Can delete academy works", "content_type": 34, "codename": "delete_academyworks"}}, {"model": "auth.permission", "pk": 136, "fields": {"name": "Can view academy works", "content_type": 34, "codename": "view_academyworks"}}, {"model": "auth.permission", "pk": 137, "fields": {"name": "Can add grade table", "content_type": 35, "codename": "add_gradetable"}}, {"model": "auth.permission", "pk": 138, "fields": {"name": "Can change grade table", "content_type": 35, "codename": "change_gradetable"}}, {"model": "auth.permission", "pk": 139, "fields": {"name": "Can delete grade table", "content_type": 35, "codename": "delete_gradetable"}}, {"model": "auth.permission", "pk": 140, "fields": {"name": "Can view grade table", "content_type": 35, "codename": "view_gradetable"}}, {"model": "auth.permission", "pk": 141, "fields": {"name": "Can add thesis evaluation", "content_type": 36, "codename": "add_thesisevaluation"}}, {"model": "auth.permission", "pk": 142, "fields": {"name": "Can change thesis evaluation", "content_type": 36, "codename": "change_thesisevaluation"}}, {"model": "auth.permission", "pk": 143, "fields": {"name": "Can delete thesis evaluation", "content_type": 36, "codename": "delete_thesisevaluation"}}, {"model": "auth.permission", "pk": 144, "fields": {"name": "Can view thesis evaluation", "content_type": 36, "codename": "view_thesisevaluation"}}, {"model": "auth.permission", "pk": 145, "fields": {"name": "Can add student files", "content_type": 37, "codename": "add_studentfiles"}}, {"model": "auth.permission", "pk": 146, "fields": {"name": "Can change student files", "content_type": 37, "codename": "change_studentfiles"}}, {"model": "auth.permission", "pk": 147, "fields": {"name": "Can delete student files", "content_type": 37, "codename": "delete_studentfiles"}}, {"model": "auth.permission", "pk": 148, "fields": {"name": "Can view student files", "content_type": 37, "codename": "view_studentfiles"}}, {"model": "auth.permission", "pk": 149, "fields": {"name": "Can add academics centers", "content_type": 38, "codename": "add_academicscenters"}}, {"model": "auth.permission", "pk": 150, "fields": {"name": "Can change academics centers", "content_type": 38, "codename": "change_academicscenters"}}, {"model": "auth.permission", "pk": 151, "fields": {"name": "Can delete academics centers", "content_type": 38, "codename": "delete_academicscenters"}}, {"model": "auth.permission", "pk": 152, "fields": {"name": "Can view academics centers", "content_type": 38, "codename": "view_academicscenters"}}, {"model": "auth.permission", "pk": 153, "fields": {"name": "Can add educational modalities", "content_type": 39, "codename": "add_educationalmodalities"}}, {"model": "auth.permission", "pk": 154, "fields": {"name": "Can change educational modalities", "content_type": 39, "codename": "change_educationalmodalities"}}, {"model": "auth.permission", "pk": 155, "fields": {"name": "Can delete educational modalities", "content_type": 39, "codename": "delete_educationalmodalities"}}, {"model": "auth.permission", "pk": 156, "fields": {"name": "Can view educational modalities", "content_type": 39, "codename": "view_educationalmodalities"}}, {"model": "auth.permission", "pk": 157, "fields": {"name": "Can add education model", "content_type": 40, "codename": "add_educationmodel"}}, {"model": "auth.permission", "pk": 158, "fields": {"name": "Can change education model", "content_type": 40, "codename": "change_educationmodel"}}, {"model": "auth.permission", "pk": 159, "fields": {"name": "Can delete education model", "content_type": 40, "codename": "delete_educationmodel"}}, {"model": "auth.permission", "pk": 160, "fields": {"name": "Can view education model", "content_type": 40, "codename": "view_educationmodel"}}, {"model": "auth.permission", "pk": 161, "fields": {"name": "Can add university offering", "content_type": 41, "codename": "add_universityoffering"}}, {"model": "auth.permission", "pk": 162, "fields": {"name": "Can change university offering", "content_type": 41, "codename": "change_universityoffering"}}, {"model": "auth.permission", "pk": 163, "fields": {"name": "Can delete university offering", "content_type": 41, "codename": "delete_universityoffering"}}, {"model": "auth.permission", "pk": 164, "fields": {"name": "Can view university offering", "content_type": 41, "codename": "view_universityoffering"}}, {"model": "auth.permission", "pk": 165, "fields": {"name": "Can add educational modal content", "content_type": 42, "codename": "add_educationalmodalcontent"}}, {"model": "auth.permission", "pk": 166, "fields": {"name": "Can change educational modal content", "content_type": 42, "codename": "change_educationalmodalcontent"}}, {"model": "auth.permission", "pk": 167, "fields": {"name": "Can delete educational modal content", "content_type": 42, "codename": "delete_educationalmodalcontent"}}, {"model": "auth.permission", "pk": 168, "fields": {"name": "Can view educational modal content", "content_type": 42, "codename": "view_educationalmodalcontent"}}, {"model": "auth.permission", "pk": 169, "fields": {"name": "Can add non discrimination policy", "content_type": 43, "codename": "add_nondiscriminationpolicy"}}, {"model": "auth.permission", "pk": 170, "fields": {"name": "Can change non discrimination policy", "content_type": 43, "codename": "change_nondiscriminationpolicy"}}, {"model": "auth.permission", "pk": 171, "fields": {"name": "Can delete non discrimination policy", "content_type": 43, "codename": "delete_nondiscriminationpolicy"}}, {"model": "auth.permission", "pk": 172, "fields": {"name": "Can view non discrimination policy", "content_type": 43, "codename": "view_nondiscriminationpolicy"}}, {"model": "auth.permission", "pk": 173, "fields": {"name": "Can add main campus", "content_type": 44, "codename": "add_maincampus"}}, {"model": "auth.permission", "pk": 174, "fields": {"name": "Can change main campus", "content_type": 44, "codename": "change_maincampus"}}, {"model": "auth.permission", "pk": 175, "fields": {"name": "Can delete main campus", "content_type": 44, "codename": "delete_maincampus"}}, {"model": "auth.permission", "pk": 176, "fields": {"name": "Can view main campus", "content_type": 44, "codename": "view_maincampus"}}, {"model": "auth.permission", "pk": 177, "fields": {"name": "Can add requirement header", "content_type": 45, "codename": "add_requirementheader"}}, {"model": "auth.permission", "pk": 178, "fields": {"name": "Can change requirement header", "content_type": 45, "codename": "change_requirementheader"}}, {"model": "auth.permission", "pk": 179, "fields": {"name": "Can delete requirement header", "content_type": 45, "codename": "delete_requirementheader"}}, {"model": "auth.permission", "pk": 180, "fields": {"name": "Can view requirement header", "content_type": 45, "codename": "view_requirementheader"}}, {"model": "auth.permission", "pk": 181, "fields": {"name": "Can add requirement content", "content_type": 46, "codename": "add_requirementcontent"}}, {"model": "auth.permission", "pk": 182, "fields": {"name": "Can change requirement content", "content_type": 46, "codename": "change_requirementcontent"}}, {"model": "auth.permission", "pk": 183, "fields": {"name": "Can delete requirement content", "content_type": 46, "codename": "delete_requirementcontent"}}, {"model": "auth.permission", "pk": 184, "fields": {"name": "Can view requirement content", "content_type": 46, "codename": "view_requirementcontent"}}, {"model": "auth.permission", "pk": 185, "fields": {"name": "Can add advantages content", "content_type": 47, "codename": "add_advantagescontent"}}, {"model": "auth.permission", "pk": 186, "fields": {"name": "Can change advantages content", "content_type": 47, "codename": "change_advantagescontent"}}, {"model": "auth.permission", "pk": 187, "fields": {"name": "Can delete advantages content", "content_type": 47, "codename": "delete_advantagescontent"}}, {"model": "auth.permission", "pk": 188, "fields": {"name": "Can view advantages content", "content_type": 47, "codename": "view_advantagescontent"}}, {"model": "auth.permission", "pk": 189, "fields": {"name": "Can add advantages header", "content_type": 48, "codename": "add_advantagesheader"}}, {"model": "auth.permission", "pk": 190, "fields": {"name": "Can change advantages header", "content_type": 48, "codename": "change_advantagesheader"}}, {"model": "auth.permission", "pk": 191, "fields": {"name": "Can delete advantages header", "content_type": 48, "codename": "delete_advantagesheader"}}, {"model": "auth.permission", "pk": 192, "fields": {"name": "Can view advantages header", "content_type": 48, "codename": "view_advantagesheader"}}, {"model": "auth.user", "pk": 1, "fields": {"password": "pbkdf2_sha256$180000$jVp0TTUQnsBM$dr3nFIPsHV/5Us0K2clOxDUUa1fqj+7r2gFQtP9DECE=", "last_login": "2021-03-02T14:26:01.222Z", "is_superuser": true, "username": "admin", "first_name": "", "last_name": "", "email": "admin@admin.com", "is_staff": true, "is_active": true, "date_joined": "2021-02-11T08:49:34.687Z", "groups": [], "user_permissions": []}}, {"model": "admin.logentry", "pk": 1, "fields": {"action_time": "2021-02-11T09:16:51.570Z", "user": 1, "content_type": 38, "object_id": "1", "object_repr": "academicsCenters object (1)", "action_flag": 1, "change_message": "[{\"added\": {}}]"}}, {"model": "admin.logentry", "pk": 2, "fields": {"action_time": "2021-02-11T09:17:12.733Z", "user": 1, "content_type": 38, "object_id": "2", "object_repr": "academicsCenters object (2)", "action_flag": 1, "change_message": "[{\"added\": {}}]"}}, {"model": "admin.logentry", "pk": 3, "fields": {"action_time": "2021-02-11T09:17:26.630Z", "user": 1, "content_type": 38, "object_id": "3", "object_repr": "academicsCenters object (3)", "action_flag": 1, "change_message": "[{\"added\": {}}]"}}, {"model": "admin.logentry", "pk": 4, "fields": {"action_time": "2021-02-11T09:17:59.906Z", "user": 1, "content_type": 34, "object_id": "1", "object_repr": "academyWorks object (1)", "action_flag": 1, "change_message": "[{\"added\": {}}]"}}, {"model": "admin.logentry", "pk": 5, "fields": {"action_time": "2021-02-11T09:19:22.724Z", "user": 1, "content_type": 34, "object_id": "2", "object_repr": "academyWorks object (2)", "action_flag": 1, "change_message": "[{\"added\": {}}]"}}, {"model": "admin.logentry", "pk": 6, "fields": {"action_time": "2021-02-11T09:19:54.655Z", "user": 1, "content_type": 34, "object_id": "3", "object_repr": "academyWorks object (3)", "action_flag": 1, "change_message": "[{\"added\": {}}]"}}, {"model": "admin.logentry", "pk": 7, "fields": {"action_time": "2021-02-11T09:20:42.350Z", "user": 1, "content_type": 34, "object_id": "4", "object_repr": "academyWorks object (4)", "action_flag": 1, "change_message": "[{\"added\": {}}]"}}, {"model": "admin.logentry", "pk": 8, "fields": {"action_time": "2021-02-11T09:21:01.523Z", "user": 1, "content_type": 34, "object_id": "5", "object_repr": "academyWorks object (5)", "action_flag": 1, "change_message": "[{\"added\": {}}]"}}, {"model": "admin.logentry", "pk": 9, "fields": {"action_time": "2021-02-11T09:21:44.686Z", "user": 1, "content_type": 34, "object_id": "6", "object_repr": "academyWorks object (6)", "action_flag": 1, "change_message": "[{\"added\": {}}]"}}, {"model": "admin.logentry", "pk": 10, "fields": {"action_time": "2021-02-11T09:22:50.630Z", "user": 1, "content_type": 8, "object_id": "1", "object_repr": "Post Doctoral Degree", "action_flag": 1, "change_message": "[{\"added\": {}}]"}}, {"model": "admin.logentry", "pk": 11, "fields": {"action_time": "2021-02-11T09:22:57.891Z", "user": 1, "content_type": 14, "object_id": "1", "object_repr": "ACCEPTANCE POLICIES", "action_flag": 1, "change_message": "[{\"added\": {}}]"}}, {"model": "admin.logentry", "pk": 12, "fields": {"action_time": "2021-02-11T09:23:26.050Z", "user": 1, "content_type": 8, "object_id": "2", "object_repr": "Bachelor's Degree", "action_flag": 1, "change_message": "[{\"added\": {}}]"}}, {"model": "admin.logentry", "pk": 13, "fields": {"action_time": "2021-02-11T09:23:45.724Z", "user": 1, "content_type": 8, "object_id": "3", "object_repr": "Master's Degree", "action_flag": 1, "change_message": "[{\"added\": {}}]"}}, {"model": "admin.logentry", "pk": 14, "fields": {"action_time": "2021-02-11T09:24:07.345Z", "user": 1, "content_type": 8, "object_id": "4", "object_repr": "Doctoral Degree", "action_flag": 1, "change_message": "[{\"added\": {}}]"}}, {"model": "admin.logentry", "pk": 15, "fields": {"action_time": "2021-02-11T09:24:43.655Z", "user": 1, "content_type": 14, "object_id": "2", "object_repr": "ACCEPTANCE POLICIES", "action_flag": 1, "change_message": "[{\"added\": {}}]"}}, {"model": "admin.logentry", "pk": 16, "fields": {"action_time": "2021-02-11T09:25:04.464Z", "user": 1, "content_type": 14, "object_id": "3", "object_repr": "ACCEPTANCE POLICIES", "action_flag": 1, "change_message": "[{\"added\": {}}]"}}, {"model": "admin.logentry", "pk": 17, "fields": {"action_time": "2021-02-11T09:25:24.792Z", "user": 1, "content_type": 14, "object_id": "4", "object_repr": "ACCEPTANCE POLICIES", "action_flag": 1, "change_message": "[{\"added\": {}}]"}}, {"model": "admin.logentry", "pk": 18, "fields": {"action_time": "2021-02-11T09:25:45.857Z", "user": 1, "content_type": 14, "object_id": "5", "object_repr": "ACCEPTANCE POLICIES", "action_flag": 1, "change_message": "[{\"added\": {}}]"}}, {"model": "admin.logentry", "pk": 19, "fields": {"action_time": "2021-02-11T09:26:09.137Z", "user": 1, "content_type": 14, "object_id": "6", "object_repr": "ACCEPTANCE POLICIES", "action_flag": 1, "change_message": "[{\"added\": {}}]"}}, {"model": "admin.logentry", "pk": 20, "fields": {"action_time": "2021-02-11T09:26:13.056Z", "user": 1, "content_type": 14, "object_id": "6", "object_repr": "ACCEPTANCE POLICIES", "action_flag": 2, "change_message": "[]"}}, {"model": "admin.logentry", "pk": 21, "fields": {"action_time": "2021-02-11T09:26:40.545Z", "user": 1, "content_type": 14, "object_id": "7", "object_repr": "ACCEPTANCE POLICIES", "action_flag": 1, "change_message": "[{\"added\": {}}]"}}, {"model": "admin.logentry", "pk": 22, "fields": {"action_time": "2021-02-11T09:27:07.503Z", "user": 1, "content_type": 14, "object_id": "8", "object_repr": "ACCEPTANCE POLICIES", "action_flag": 1, "change_message": "[{\"added\": {}}]"}}, {"model": "admin.logentry", "pk": 23, "fields": {"action_time": "2021-02-11T09:27:31.701Z", "user": 1, "content_type": 14, "object_id": "9", "object_repr": "ACCEPTANCE POLICIES", "action_flag": 1, "change_message": "[{\"added\": {}}]"}}, {"model": "admin.logentry", "pk": 24, "fields": {"action_time": "2021-02-11T09:27:53.582Z", "user": 1, "content_type": 14, "object_id": "10", "object_repr": "ACCEPTANCE POLICIES", "action_flag": 1, "change_message": "[{\"added\": {}}]"}}, {"model": "admin.logentry", "pk": 25, "fields": {"action_time": "2021-02-11T09:29:13.932Z", "user": 1, "content_type": 30, "object_id": "1", "object_repr": "UNITED ARAB EMIRATES", "action_flag": 1, "change_message": "[{\"added\": {}}]"}}, {"model": "admin.logentry", "pk": 26, "fields": {"action_time": "2021-02-11T09:30:04.900Z", "user": 1, "content_type": 30, "object_id": "2", "object_repr": "SRI LANKA", "action_flag": 1, "change_message": "[{\"added\": {}}]"}}, {"model": "admin.logentry", "pk": 27, "fields": {"action_time": "2021-02-11T09:30:44.933Z", "user": 1, "content_type": 30, "object_id": "3", "object_repr": "RWANDA", "action_flag": 1, "change_message": "[{\"added\": {}}]"}}, {"model": "admin.logentry", "pk": 28, "fields": {"action_time": "2021-02-11T09:31:34.010Z", "user": 1, "content_type": 30, "object_id": "4", "object_repr": "PAKISTAN", "action_flag": 1, "change_message": "[{\"added\": {}}]"}}, {"model": "admin.logentry", "pk": 29, "fields": {"action_time": "2021-02-11T09:46:43.463Z", "user": 1, "content_type": 30, "object_id": "5", "object_repr": "NIGERIA", "action_flag": 1, "change_message": "[{\"added\": {}}]"}}, {"model": "admin.logentry", "pk": 30, "fields": {"action_time": "2021-02-11T09:47:29.861Z", "user": 1, "content_type": 30, "object_id": "6", "object_repr": "MYANMAR", "action_flag": 1, "change_message": "[{\"added\": {}}]"}}, {"model": "admin.logentry", "pk": 31, "fields": {"action_time": "2021-02-11T09:48:39.700Z", "user": 1, "content_type": 30, "object_id": "7", "object_repr": "MALAYSIA", "action_flag": 1, "change_message": "[{\"added\": {}}]"}}, {"model": "admin.logentry", "pk": 32, "fields": {"action_time": "2021-02-11T09:49:21.972Z", "user": 1, "content_type": 30, "object_id": "8", "object_repr": "MAURITIUS", "action_flag": 1, "change_message": "[{\"added\": {}}]"}}, {"model": "admin.logentry", "pk": 33, "fields": {"action_time": "2021-02-11T09:50:30.906Z", "user": 1, "content_type": 30, "object_id": "9", "object_repr": "MALAWI", "action_flag": 1, "change_message": "[{\"added\": {}}]"}}, {"model": "admin.logentry", "pk": 34, "fields": {"action_time": "2021-02-11T09:51:16.920Z", "user": 1, "content_type": 30, "object_id": "10", "object_repr": "INDIA", "action_flag": 1, "change_message": "[{\"added\": {}}]"}}, {"model": "admin.logentry", "pk": 35, "fields": {"action_time": "2021-02-11T09:52:34.968Z", "user": 1, "content_type": 30, "object_id": "11", "object_repr": "GERMANY", "action_flag": 1, "change_message": "[{\"added\": {}}]"}}, {"model": "admin.logentry", "pk": 36, "fields": {"action_time": "2021-02-11T09:53:16.329Z", "user": 1, "content_type": 30, "object_id": "12", "object_repr": "EGYPT", "action_flag": 1, "change_message": "[{\"added\": {}}]"}}, {"model": "admin.logentry", "pk": 37, "fields": {"action_time": "2021-02-11T09:54:09.668Z", "user": 1, "content_type": 30, "object_id": "13", "object_repr": "CONGO", "action_flag": 1, "change_message": "[{\"added\": {}}]"}}, {"model": "admin.logentry", "pk": 38, "fields": {"action_time": "2021-02-11T09:55:44.892Z", "user": 1, "content_type": 30, "object_id": "14", "object_repr": "BANGLADESH", "action_flag": 1, "change_message": "[{\"added\": {}}]"}}, {"model": "admin.logentry", "pk": 39, "fields": {"action_time": "2021-02-11T09:57:32.436Z", "user": 1, "content_type": 24, "object_id": "1", "object_repr": "accreditationList object (1)", "action_flag": 1, "change_message": "[{\"added\": {}}]"}}, {"model": "admin.logentry", "pk": 40, "fields": {"action_time": "2021-02-11T09:57:45.854Z", "user": 1, "content_type": 24, "object_id": "2", "object_repr": "accreditationList object (2)", "action_flag": 1, "change_message": "[{\"added\": {}}]"}}, {"model": "admin.logentry", "pk": 41, "fields": {"action_time": "2021-02-11T09:57:59.862Z", "user": 1, "content_type": 24, "object_id": "3", "object_repr": "accreditationList object (3)", "action_flag": 1, "change_message": "[{\"added\": {}}]"}}, {"model": "admin.logentry", "pk": 42, "fields": {"action_time": "2021-02-11T09:58:07.575Z", "user": 1, "content_type": 24, "object_id": "4", "object_repr": "accreditationList object (4)", "action_flag": 1, "change_message": "[{\"added\": {}}]"}}, {"model": "admin.logentry", "pk": 43, "fields": {"action_time": "2021-02-11T09:58:17.616Z", "user": 1, "content_type": 24, "object_id": "5", "object_repr": "accreditationList object (5)", "action_flag": 1, "change_message": "[{\"added\": {}}]"}}, {"model": "admin.logentry", "pk": 44, "fields": {"action_time": "2021-02-11T09:58:28.381Z", "user": 1, "content_type": 24, "object_id": "6", "object_repr": "accreditationList object (6)", "action_flag": 1, "change_message": "[{\"added\": {}}]"}}, {"model": "admin.logentry", "pk": 45, "fields": {"action_time": "2021-02-11T09:59:01.581Z", "user": 1, "content_type": 25, "object_id": "1", "object_repr": "accreditationParagraph object (1)", "action_flag": 1, "change_message": "[{\"added\": {}}]"}}, {"model": "admin.logentry", "pk": 46, "fields": {"action_time": "2021-02-11T09:59:27.215Z", "user": 1, "content_type": 29, "object_id": "1", "object_repr": "afterGraduationServices object (1)", "action_flag": 1, "change_message": "[{\"added\": {}}]"}}, {"model": "admin.logentry", "pk": 47, "fields": {"action_time": "2021-02-11T09:59:40.531Z", "user": 1, "content_type": 29, "object_id": "2", "object_repr": "afterGraduationServices object (2)", "action_flag": 1, "change_message": "[{\"added\": {}}]"}}, {"model": "admin.logentry", "pk": 48, "fields": {"action_time": "2021-02-11T09:59:52.443Z", "user": 1, "content_type": 29, "object_id": "3", "object_repr": "afterGraduationServices object (3)", "action_flag": 1, "change_message": "[{\"added\": {}}]"}}, {"model": "admin.logentry", "pk": 49, "fields": {"action_time": "2021-02-11T10:00:07.104Z", "user": 1, "content_type": 29, "object_id": "4", "object_repr": "afterGraduationServices object (4)", "action_flag": 1, "change_message": "[{\"added\": {}}]"}}, {"model": "admin.logentry", "pk": 50, "fields": {"action_time": "2021-02-11T10:00:20.911Z", "user": 1, "content_type": 29, "object_id": "5", "object_repr": "afterGraduationServices object (5)", "action_flag": 1, "change_message": "[{\"added\": {}}]"}}, {"model": "admin.logentry", "pk": 51, "fields": {"action_time": "2021-02-11T10:00:34.771Z", "user": 1, "content_type": 29, "object_id": "6", "object_repr": "afterGraduationServices object (6)", "action_flag": 1, "change_message": "[{\"added\": {}}]"}}, {"model": "admin.logentry", "pk": 52, "fields": {"action_time": "2021-02-11T10:00:46.455Z", "user": 1, "content_type": 29, "object_id": "7", "object_repr": "afterGraduationServices object (7)", "action_flag": 1, "change_message": "[{\"added\": {}}]"}}, {"model": "admin.logentry", "pk": 53, "fields": {"action_time": "2021-02-11T10:00:58.471Z", "user": 1, "content_type": 29, "object_id": "8", "object_repr": "afterGraduationServices object (8)", "action_flag": 1, "change_message": "[{\"added\": {}}]"}}, {"model": "admin.logentry", "pk": 54, "fields": {"action_time": "2021-02-11T10:01:14.255Z", "user": 1, "content_type": 29, "object_id": "9", "object_repr": "afterGraduationServices object (9)", "action_flag": 1, "change_message": "[{\"added\": {}}]"}}, {"model": "admin.logentry", "pk": 55, "fields": {"action_time": "2021-02-11T10:01:28.324Z", "user": 1, "content_type": 29, "object_id": "10", "object_repr": "afterGraduationServices object (10)", "action_flag": 1, "change_message": "[{\"added\": {}}]"}}, {"model": "admin.logentry", "pk": 56, "fields": {"action_time": "2021-02-11T10:04:26.040Z", "user": 1, "content_type": 22, "object_id": "1", "object_repr": "Dr. Jos\u00e9 Agust\u00edn Lop\u00e9z G\u00f3nzalez Pacheco", "action_flag": 1, "change_message": "[{\"added\": {}}]"}}, {"model": "admin.logentry", "pk": 57, "fields": {"action_time": "2021-02-11T10:05:04.620Z", "user": 1, "content_type": 7, "object_id": "1", "object_repr": "BACHELOR OF SYSTEM ENGINEERING", "action_flag": 1, "change_message": "[{\"added\": {}}]"}}, {"model": "admin.logentry", "pk": 58, "fields": {"action_time": "2021-02-11T10:05:21.950Z", "user": 1, "content_type": 7, "object_id": "2", "object_repr": "BACHELOR OF BUSSINESS ADMINISTRATION", "action_flag": 1, "change_message": "[{\"added\": {}}]"}}, {"model": "admin.logentry", "pk": 59, "fields": {"action_time": "2021-02-11T10:05:41.026Z", "user": 1, "content_type": 7, "object_id": "3", "object_repr": "BACHELOR Of PSYCHOLOGY", "action_flag": 1, "change_message": "[{\"added\": {}}]"}}, {"model": "admin.logentry", "pk": 60, "fields": {"action_time": "2021-02-11T10:05:58.710Z", "user": 1, "content_type": 7, "object_id": "4", "object_repr": "OTHER BACHELOR COURSES", "action_flag": 1, "change_message": "[{\"added\": {}}]"}}, {"model": "admin.logentry", "pk": 61, "fields": {"action_time": "2021-02-11T10:06:19.204Z", "user": 1, "content_type": 7, "object_id": "5", "object_repr": "MASTER OF BUSINESS ADMINISTRATION", "action_flag": 1, "change_message": "[{\"added\": {}}]"}}, {"model": "admin.logentry", "pk": 62, "fields": {"action_time": "2021-02-11T10:06:43.445Z", "user": 1, "content_type": 7, "object_id": "6", "object_repr": "OTHER MASTERS PROGRAM", "action_flag": 1, "change_message": "[{\"added\": {}}]"}}, {"model": "admin.logentry", "pk": 63, "fields": {"action_time": "2021-02-11T10:07:09.931Z", "user": 1, "content_type": 7, "object_id": "7", "object_repr": "DOCTORAL DEGREE PROGRAMS", "action_flag": 1, "change_message": "[{\"added\": {}}]"}}, {"model": "admin.logentry", "pk": 64, "fields": {"action_time": "2021-02-11T10:07:34.900Z", "user": 1, "content_type": 7, "object_id": "8", "object_repr": "Doctor of Sciences, (D.Sc.) Degree", "action_flag": 1, "change_message": "[{\"added\": {}}]"}}, {"model": "admin.logentry", "pk": 65, "fields": {"action_time": "2021-02-11T10:07:58.751Z", "user": 1, "content_type": 7, "object_id": "9", "object_repr": "Doctor of Letters (D.Litt., Litt.D., D. Lit., or Lit. D. ) Degree", "action_flag": 1, "change_message": "[{\"added\": {}}]"}}, {"model": "admin.logentry", "pk": 66, "fields": {"action_time": "2021-02-11T10:08:19.873Z", "user": 1, "content_type": 7, "object_id": "10", "object_repr": "Doctor of Laws, (LL.D.) Degree", "action_flag": 1, "change_message": "[{\"added\": {}}]"}}, {"model": "admin.logentry", "pk": 67, "fields": {"action_time": "2021-02-11T10:09:09.374Z", "user": 1, "content_type": 26, "object_id": "1", "object_repr": "The outcome of a successful program accreditation at our Canadian Accrediting Agency may include one or more of the following:", "action_flag": 1, "change_message": "[{\"added\": {}}]"}}, {"model": "admin.logentry", "pk": 68, "fields": {"action_time": "2021-02-11T10:09:24.442Z", "user": 1, "content_type": 26, "object_id": "2", "object_repr": "Other Functions of our National Recognition and our Canadian Accreditation:", "action_flag": 1, "change_message": "[{\"added\": {}}]"}}, {"model": "admin.logentry", "pk": 69, "fields": {"action_time": "2021-02-11T10:09:52.568Z", "user": 1, "content_type": 26, "object_id": "3", "object_repr": "In any event, \u201cAccreditation\u201d is a voluntary process that gives public recognition to institutions that meet certain standards. It is a promise that an institution will provide the quality of educatio", "action_flag": 1, "change_message": "[{\"added\": {}}]"}}, {"model": "admin.logentry", "pk": 70, "fields": {"action_time": "2021-02-11T10:10:49.721Z", "user": 1, "content_type": 27, "object_id": "1", "object_repr": "Graduates are able to practice as a professional in a specific field, and in some cases receive a license to practice that is required by law;", "action_flag": 1, "change_message": "[{\"added\": {}}]"}}, {"model": "admin.logentry", "pk": 71, "fields": {"action_time": "2021-02-11T10:11:09.924Z", "user": 1, "content_type": 27, "object_id": "2", "object_repr": "Graduates are granted chartered status.", "action_flag": 1, "change_message": "[{\"added\": {}}]"}}, {"model": "admin.logentry", "pk": 72, "fields": {"action_time": "2021-02-11T10:11:23.988Z", "user": 1, "content_type": 27, "object_id": "3", "object_repr": "Graduates are granted exemption from all or part of professional exams.", "action_flag": 1, "change_message": "[{\"added\": {}}]"}}, {"model": "admin.logentry", "pk": 73, "fields": {"action_time": "2021-02-11T10:11:36.033Z", "user": 1, "content_type": 27, "object_id": "4", "object_repr": "Graduates are eligible for entry to membership of a professional association or learned society.", "action_flag": 1, "change_message": "[{\"added\": {}}]"}}, {"model": "admin.logentry", "pk": 74, "fields": {"action_time": "2021-02-11T10:11:53.881Z", "user": 1, "content_type": 27, "object_id": "5", "object_repr": "The programme is confirmed as meeting externally designated standards and quality.", "action_flag": 1, "change_message": "[{\"added\": {}}]"}}, {"model": "admin.logentry", "pk": 75, "fields": {"action_time": "2021-02-11T10:12:19.555Z", "user": 1, "content_type": 27, "object_id": "6", "object_repr": "Verifying that an institution or program meets established standards.", "action_flag": 1, "change_message": "[{\"added\": {}}]"}}, {"model": "admin.logentry", "pk": 76, "fields": {"action_time": "2021-02-11T10:12:39.532Z", "user": 1, "content_type": 27, "object_id": "7", "object_repr": "Assisting Alumni with After-Graduation Services.", "action_flag": 1, "change_message": "[{\"added\": {}}]"}}, {"model": "admin.logentry", "pk": 77, "fields": {"action_time": "2021-02-11T10:12:57.442Z", "user": 1, "content_type": 27, "object_id": "8", "object_repr": "Assisting Students in determining the acceptability of transfer credits.", "action_flag": 1, "change_message": "[{\"added\": {}}]"}}, {"model": "admin.logentry", "pk": 78, "fields": {"action_time": "2021-02-11T10:13:14.888Z", "user": 1, "content_type": 27, "object_id": "9", "object_repr": "Protecting students interest.", "action_flag": 1, "change_message": "[{\"added\": {}}]"}}, {"model": "admin.logentry", "pk": 79, "fields": {"action_time": "2021-02-11T10:14:14.743Z", "user": 1, "content_type": 40, "object_id": "1", "object_repr": "modalidades educativas", "action_flag": 1, "change_message": "[{\"added\": {}}]"}}, {"model": "admin.logentry", "pk": 80, "fields": {"action_time": "2021-02-11T10:14:26.406Z", "user": 1, "content_type": 40, "object_id": "2", "object_repr": "AZTECA PEDAGOGICAL EDUCATIONAL MODEL", "action_flag": 1, "change_message": "[{\"added\": {}}]"}}, {"model": "admin.logentry", "pk": 81, "fields": {"action_time": "2021-02-11T10:14:37.206Z", "user": 1, "content_type": 40, "object_id": "3", "object_repr": "modelo educativo", "action_flag": 1, "change_message": "[{\"added\": {}}]"}}, {"model": "admin.logentry", "pk": 82, "fields": {"action_time": "2021-02-11T10:15:13.679Z", "user": 1, "content_type": 42, "object_id": "1", "object_repr": "educationalModalContent object (1)", "action_flag": 1, "change_message": "[{\"added\": {}}]"}}, {"model": "admin.logentry", "pk": 83, "fields": {"action_time": "2021-02-11T10:15:37.214Z", "user": 1, "content_type": 42, "object_id": "2", "object_repr": "educationalModalContent object (2)", "action_flag": 1, "change_message": "[{\"added\": {}}]"}}, {"model": "admin.logentry", "pk": 84, "fields": {"action_time": "2021-02-11T10:16:01.096Z", "user": 1, "content_type": 42, "object_id": "3", "object_repr": "educationalModalContent object (3)", "action_flag": 1, "change_message": "[{\"added\": {}}]"}}, {"model": "admin.logentry", "pk": 85, "fields": {"action_time": "2021-02-11T10:16:20.792Z", "user": 1, "content_type": 42, "object_id": "4", "object_repr": "educationalModalContent object (4)", "action_flag": 1, "change_message": "[{\"added\": {}}]"}}, {"model": "admin.logentry", "pk": 86, "fields": {"action_time": "2021-02-11T10:16:44.800Z", "user": 1, "content_type": 42, "object_id": "5", "object_repr": "educationalModalContent object (5)", "action_flag": 1, "change_message": "[{\"added\": {}}]"}}, {"model": "admin.logentry", "pk": 87, "fields": {"action_time": "2021-02-11T10:17:07.807Z", "user": 1, "content_type": 42, "object_id": "6", "object_repr": "educationalModalContent object (6)", "action_flag": 1, "change_message": "[{\"added\": {}}]"}}, {"model": "admin.logentry", "pk": 88, "fields": {"action_time": "2021-02-11T10:17:36.364Z", "user": 1, "content_type": 42, "object_id": "7", "object_repr": "educationalModalContent object (7)", "action_flag": 1, "change_message": "[{\"added\": {}}]"}}, {"model": "admin.logentry", "pk": 89, "fields": {"action_time": "2021-02-11T10:17:49.415Z", "user": 1, "content_type": 42, "object_id": "8", "object_repr": "educationalModalContent object (8)", "action_flag": 1, "change_message": "[{\"added\": {}}]"}}, {"model": "admin.logentry", "pk": 90, "fields": {"action_time": "2021-02-11T10:18:03.122Z", "user": 1, "content_type": 42, "object_id": "9", "object_repr": "educationalModalContent object (9)", "action_flag": 1, "change_message": "[{\"added\": {}}]"}}, {"model": "admin.logentry", "pk": 91, "fields": {"action_time": "2021-02-11T10:18:24.999Z", "user": 1, "content_type": 42, "object_id": "10", "object_repr": "educationalModalContent object (10)", "action_flag": 1, "change_message": "[{\"added\": {}}]"}}, {"model": "admin.logentry", "pk": 92, "fields": {"action_time": "2021-02-11T10:18:47.415Z", "user": 1, "content_type": 42, "object_id": "11", "object_repr": "educationalModalContent object (11)", "action_flag": 1, "change_message": "[{\"added\": {}}]"}}, {"model": "admin.logentry", "pk": 93, "fields": {"action_time": "2021-02-11T10:19:03.152Z", "user": 1, "content_type": 42, "object_id": "12", "object_repr": "educationalModalContent object (12)", "action_flag": 1, "change_message": "[{\"added\": {}}]"}}, {"model": "admin.logentry", "pk": 94, "fields": {"action_time": "2021-02-11T10:19:48.804Z", "user": 1, "content_type": 39, "object_id": "1", "object_repr": "educationalModalities object (1)", "action_flag": 1, "change_message": "[{\"added\": {}}]"}}, {"model": "admin.logentry", "pk": 95, "fields": {"action_time": "2021-02-11T10:20:01.087Z", "user": 1, "content_type": 39, "object_id": "2", "object_repr": "educationalModalities object (2)", "action_flag": 1, "change_message": "[{\"added\": {}}]"}}, {"model": "admin.logentry", "pk": 96, "fields": {"action_time": "2021-02-11T10:21:17.791Z", "user": 1, "content_type": 39, "object_id": "3", "object_repr": "educationalModalities object (3)", "action_flag": 1, "change_message": "[{\"added\": {}}]"}}, {"model": "admin.logentry", "pk": 97, "fields": {"action_time": "2021-02-11T10:22:14.477Z", "user": 1, "content_type": 17, "object_id": "1", "object_repr": "ELIGIBILITY FOR D.S.C.", "action_flag": 1, "change_message": "[{\"added\": {}}]"}}, {"model": "admin.logentry", "pk": 98, "fields": {"action_time": "2021-02-11T10:22:32.581Z", "user": 1, "content_type": 17, "object_id": "2", "object_repr": "ELIGIBILITY FOR D.Litt.", "action_flag": 1, "change_message": "[{\"added\": {}}]"}}, {"model": "admin.logentry", "pk": 99, "fields": {"action_time": "2021-02-11T10:22:57.613Z", "user": 1, "content_type": 17, "object_id": "3", "object_repr": "ELIGIBILITY FOR L.L.D.", "action_flag": 1, "change_message": "[{\"added\": {}}]"}}, {"model": "admin.logentry", "pk": 100, "fields": {"action_time": "2021-02-11T10:24:31.302Z", "user": 1, "content_type": 16, "object_id": "1", "object_repr": "Minimum 2 years post Ph.D. teaching experience and has published 10 research papers indexed journals as first author or corresponding author OR", "action_flag": 1, "change_message": "[{\"added\": {}}]"}}, {"model": "admin.logentry", "pk": 101, "fields": {"action_time": "2021-02-11T10:24:53.015Z", "user": 1, "content_type": 16, "object_id": "2", "object_repr": "Have post Ph.D. experience of more than 2 years in the discipline of law and related areas, at least three recommendations/referrals of his work or contribution from nationally/internationally recogni", "action_flag": 1, "change_message": "[{\"added\": {}}]"}}, {"model": "admin.logentry", "pk": 102, "fields": {"action_time": "2021-02-11T10:25:04.448Z", "user": 1, "content_type": 16, "object_id": "3", "object_repr": "Done post-doctoral work in Business, Humanities, Social Sciences, Design, Creative Arts and other related areas for a minimum period of 2 years and has published 10 research papers in Scopus indexed j", "action_flag": 1, "change_message": "[{\"added\": {}}]"}}, {"model": "admin.logentry", "pk": 103, "fields": {"action_time": "2021-02-11T10:25:18.862Z", "user": 1, "content_type": 16, "object_id": "4", "object_repr": "Post Ph.D. experience of more than 2 years in Business, Humanities, Social Sciences, Design, Creative Arts and other related areas, at least three recommendations/ referrals of his research/ contribut", "action_flag": 1, "change_message": "[{\"added\": {}}]"}}, {"model": "admin.logentry", "pk": 104, "fields": {"action_time": "2021-02-11T10:25:38.265Z", "user": 1, "content_type": 16, "object_id": "5", "object_repr": "Done post-doctoral work in Science, Engineering, Technology and other related areas for a minimum period of 2 years and have published 10 research papers or indexed journals as first or corresponding ", "action_flag": 1, "change_message": "[{\"added\": {}}]"}}, {"model": "admin.logentry", "pk": 105, "fields": {"action_time": "2021-02-11T10:26:02.069Z", "user": 1, "content_type": 16, "object_id": "6", "object_repr": "Post Ph.D. experience of more than 2 years in Science, Engineering, Technology and other related areas, 2 patents (at least 1 international patent) in relevant discipline and his/her research work and", "action_flag": 1, "change_message": "[{\"added\": {}}]"}}, {"model": "admin.logentry", "pk": 106, "fields": {"action_time": "2021-02-11T10:26:18.373Z", "user": 1, "content_type": 16, "object_id": "7", "object_repr": "Post Ph.D. experience of more than 2 years in Science, Engineering, Technology and other related areas, at least three recommendations/ referrals of his research or contribution from nationally/ inter", "action_flag": 1, "change_message": "[{\"added\": {}}]"}}, {"model": "admin.logentry", "pk": 107, "fields": {"action_time": "2021-02-11T10:27:38.658Z", "user": 1, "content_type": 32, "object_id": "1", "object_repr": "faculty object (1)", "action_flag": 1, "change_message": "[{\"added\": {}}]"}}, {"model": "admin.logentry", "pk": 108, "fields": {"action_time": "2021-02-11T10:28:07.778Z", "user": 1, "content_type": 32, "object_id": "2", "object_repr": "faculty object (2)", "action_flag": 1, "change_message": "[{\"added\": {}}]"}}, {"model": "admin.logentry", "pk": 109, "fields": {"action_time": "2021-02-11T10:28:42.362Z", "user": 1, "content_type": 32, "object_id": "3", "object_repr": "faculty object (3)", "action_flag": 1, "change_message": "[{\"added\": {}}]"}}, {"model": "admin.logentry", "pk": 110, "fields": {"action_time": "2021-02-11T10:29:09.823Z", "user": 1, "content_type": 32, "object_id": "4", "object_repr": "faculty object (4)", "action_flag": 1, "change_message": "[{\"added\": {}}]"}}, {"model": "admin.logentry", "pk": 111, "fields": {"action_time": "2021-02-11T10:29:38.958Z", "user": 1, "content_type": 32, "object_id": "5", "object_repr": "faculty object (5)", "action_flag": 1, "change_message": "[{\"added\": {}}]"}}, {"model": "admin.logentry", "pk": 112, "fields": {"action_time": "2021-02-11T10:31:31.243Z", "user": 1, "content_type": 32, "object_id": "6", "object_repr": "faculty object (6)", "action_flag": 1, "change_message": "[{\"added\": {}}]"}}, {"model": "admin.logentry", "pk": 113, "fields": {"action_time": "2021-02-11T10:44:49.333Z", "user": 1, "content_type": 19, "object_id": "1", "object_repr": "caption", "action_flag": 1, "change_message": "[{\"added\": {}}]"}}, {"model": "admin.logentry", "pk": 114, "fields": {"action_time": "2021-02-11T10:45:01.858Z", "user": 1, "content_type": 19, "object_id": "2", "object_repr": "caption", "action_flag": 1, "change_message": "[{\"added\": {}}]"}}, {"model": "admin.logentry", "pk": 115, "fields": {"action_time": "2021-02-11T10:45:24.462Z", "user": 1, "content_type": 19, "object_id": "3", "object_repr": "caption", "action_flag": 1, "change_message": "[{\"added\": {}}]"}}, {"model": "admin.logentry", "pk": 116, "fields": {"action_time": "2021-02-11T10:45:36.411Z", "user": 1, "content_type": 19, "object_id": "4", "object_repr": "caption", "action_flag": 1, "change_message": "[{\"added\": {}}]"}}, {"model": "admin.logentry", "pk": 117, "fields": {"action_time": "2021-02-11T10:45:47.284Z", "user": 1, "content_type": 19, "object_id": "5", "object_repr": "caption", "action_flag": 1, "change_message": "[{\"added\": {}}]"}}, {"model": "admin.logentry", "pk": 118, "fields": {"action_time": "2021-02-11T10:46:11.289Z", "user": 1, "content_type": 19, "object_id": "6", "object_repr": "caption", "action_flag": 1, "change_message": "[{\"added\": {}}]"}}, {"model": "admin.logentry", "pk": 119, "fields": {"action_time": "2021-02-11T10:46:23.702Z", "user": 1, "content_type": 19, "object_id": "7", "object_repr": "caption", "action_flag": 1, "change_message": "[{\"added\": {}}]"}}, {"model": "admin.logentry", "pk": 120, "fields": {"action_time": "2021-02-11T10:46:43.893Z", "user": 1, "content_type": 19, "object_id": "8", "object_repr": "caption", "action_flag": 1, "change_message": "[{\"added\": {}}]"}}, {"model": "admin.logentry", "pk": 121, "fields": {"action_time": "2021-02-11T10:46:55.104Z", "user": 1, "content_type": 19, "object_id": "9", "object_repr": "caption", "action_flag": 1, "change_message": "[{\"added\": {}}]"}}, {"model": "admin.logentry", "pk": 122, "fields": {"action_time": "2021-02-11T10:47:11.129Z", "user": 1, "content_type": 19, "object_id": "10", "object_repr": "caption", "action_flag": 1, "change_message": "[{\"added\": {}}]"}}, {"model": "admin.logentry", "pk": 123, "fields": {"action_time": "2021-02-11T10:47:24.555Z", "user": 1, "content_type": 19, "object_id": "11", "object_repr": "caption", "action_flag": 1, "change_message": "[{\"added\": {}}]"}}, {"model": "admin.logentry", "pk": 124, "fields": {"action_time": "2021-02-11T10:47:47.758Z", "user": 1, "content_type": 19, "object_id": "12", "object_repr": "caption", "action_flag": 1, "change_message": "[{\"added\": {}}]"}}, {"model": "admin.logentry", "pk": 125, "fields": {"action_time": "2021-02-11T10:48:28.922Z", "user": 1, "content_type": 19, "object_id": "13", "object_repr": "caption", "action_flag": 1, "change_message": "[{\"added\": {}}]"}}, {"model": "admin.logentry", "pk": 126, "fields": {"action_time": "2021-02-11T10:48:43.540Z", "user": 1, "content_type": 19, "object_id": "14", "object_repr": "caption", "action_flag": 1, "change_message": "[{\"added\": {}}]"}}, {"model": "admin.logentry", "pk": 127, "fields": {"action_time": "2021-02-11T10:49:00.257Z", "user": 1, "content_type": 19, "object_id": "15", "object_repr": "caption", "action_flag": 1, "change_message": "[{\"added\": {}}]"}}, {"model": "admin.logentry", "pk": 128, "fields": {"action_time": "2021-02-11T10:50:49.613Z", "user": 1, "content_type": 35, "object_id": "1", "object_repr": "gradeTable object (1)", "action_flag": 1, "change_message": "[{\"added\": {}}]"}}, {"model": "admin.logentry", "pk": 129, "fields": {"action_time": "2021-02-11T10:51:25.437Z", "user": 1, "content_type": 35, "object_id": "2", "object_repr": "gradeTable object (2)", "action_flag": 1, "change_message": "[{\"added\": {}}]"}}, {"model": "admin.logentry", "pk": 130, "fields": {"action_time": "2021-02-11T10:51:38.929Z", "user": 1, "content_type": 35, "object_id": "3", "object_repr": "gradeTable object (3)", "action_flag": 1, "change_message": "[{\"added\": {}}]"}}, {"model": "admin.logentry", "pk": 131, "fields": {"action_time": "2021-02-11T10:51:58.318Z", "user": 1, "content_type": 35, "object_id": "4", "object_repr": "gradeTable object (4)", "action_flag": 1, "change_message": "[{\"added\": {}}]"}}, {"model": "admin.logentry", "pk": 132, "fields": {"action_time": "2021-02-11T10:52:18.128Z", "user": 1, "content_type": 35, "object_id": "5", "object_repr": "gradeTable object (5)", "action_flag": 1, "change_message": "[{\"added\": {}}]"}}, {"model": "admin.logentry", "pk": 133, "fields": {"action_time": "2021-02-11T10:52:48.593Z", "user": 1, "content_type": 20, "object_id": "1", "object_repr": "homeSlider object (1)", "action_flag": 1, "change_message": "[{\"added\": {}}]"}}, {"model": "admin.logentry", "pk": 134, "fields": {"action_time": "2021-02-11T10:53:18.790Z", "user": 1, "content_type": 20, "object_id": "2", "object_repr": "homeSlider object (2)", "action_flag": 1, "change_message": "[{\"added\": {}}]"}}, {"model": "admin.logentry", "pk": 135, "fields": {"action_time": "2021-02-11T10:53:40.985Z", "user": 1, "content_type": 20, "object_id": "3", "object_repr": "homeSlider object (3)", "action_flag": 1, "change_message": "[{\"added\": {}}]"}}, {"model": "admin.logentry", "pk": 136, "fields": {"action_time": "2021-02-11T10:54:05.785Z", "user": 1, "content_type": 20, "object_id": "4", "object_repr": "homeSlider object (4)", "action_flag": 1, "change_message": "[{\"added\": {}}]"}}, {"model": "admin.logentry", "pk": 137, "fields": {"action_time": "2021-02-11T10:54:18.958Z", "user": 1, "content_type": 20, "object_id": "5", "object_repr": "homeSlider object (5)", "action_flag": 1, "change_message": "[{\"added\": {}}]"}}, {"model": "admin.logentry", "pk": 138, "fields": {"action_time": "2021-02-11T10:54:40.045Z", "user": 1, "content_type": 20, "object_id": "6", "object_repr": "homeSlider object (6)", "action_flag": 1, "change_message": "[{\"added\": {}}]"}}, {"model": "admin.logentry", "pk": 139, "fields": {"action_time": "2021-02-11T10:55:18.191Z", "user": 1, "content_type": 20, "object_id": "5", "object_repr": "homeSlider object (5)", "action_flag": 3, "change_message": ""}}, {"model": "admin.logentry", "pk": 140, "fields": {"action_time": "2021-02-11T10:57:09.935Z", "user": 1, "content_type": 44, "object_id": "1", "object_repr": "mainCampus object (1)", "action_flag": 1, "change_message": "[{\"added\": {}}]"}}, {"model": "admin.logentry", "pk": 141, "fields": {"action_time": "2021-02-11T10:57:36.936Z", "user": 1, "content_type": 44, "object_id": "2", "object_repr": "mainCampus object (2)", "action_flag": 1, "change_message": "[{\"added\": {}}]"}}, {"model": "admin.logentry", "pk": 142, "fields": {"action_time": "2021-02-11T10:58:07.337Z", "user": 1, "content_type": 44, "object_id": "3", "object_repr": "mainCampus object (3)", "action_flag": 1, "change_message": "[{\"added\": {}}]"}}, {"model": "admin.logentry", "pk": 143, "fields": {"action_time": "2021-02-11T10:58:25.933Z", "user": 1, "content_type": 44, "object_id": "4", "object_repr": "mainCampus object (4)", "action_flag": 1, "change_message": "[{\"added\": {}}]"}}, {"model": "admin.logentry", "pk": 144, "fields": {"action_time": "2021-02-11T10:59:31.344Z", "user": 1, "content_type": 18, "object_id": "1", "object_repr": "Partnership with UCAM Universidad Cat\u00f3lica San Antonio de Murcia", "action_flag": 1, "change_message": "[{\"added\": {}}]"}}, {"model": "admin.logentry", "pk": 145, "fields": {"action_time": "2021-02-11T11:00:02.221Z", "user": 1, "content_type": 18, "object_id": "2", "object_repr": "GRADUATION MARCH 2014 - SCHLOSS HERNSTEIN (AUSTRIA", "action_flag": 1, "change_message": "[{\"added\": {}}]"}}, {"model": "admin.logentry", "pk": 146, "fields": {"action_time": "2021-02-11T11:01:36.628Z", "user": 1, "content_type": 18, "object_id": "3", "object_repr": "(2) Mr. Zhiri James Gana, Ambassador of Republic of Nigeria at Mexico City, Excmo., Extraordinario y Plenipotenciario Embajador de la Rep\u00fablica de Nigeria", "action_flag": 1, "change_message": "[{\"added\": {}}]"}}, {"model": "admin.logentry", "pk": 147, "fields": {"action_time": "2021-02-11T11:01:58.828Z", "user": 1, "content_type": 18, "object_id": "4", "object_repr": "Class 2014 at graduacion en Hernstein del Branch Campus Leobersdorf (emca) de UA 2", "action_flag": 1, "change_message": "[{\"added\": {}}]"}}, {"model": "admin.logentry", "pk": 148, "fields": {"action_time": "2021-02-11T11:02:19.914Z", "user": 1, "content_type": 18, "object_id": "5", "object_repr": "Honoris Causa4", "action_flag": 1, "change_message": "[{\"added\": {}}]"}}, {"model": "admin.logentry", "pk": 149, "fields": {"action_time": "2021-02-11T11:06:00.706Z", "user": 1, "content_type": 43, "object_id": "1", "object_repr": "nonDiscriminationPolicy object (1)", "action_flag": 1, "change_message": "[{\"added\": {}}]"}}, {"model": "admin.logentry", "pk": 150, "fields": {"action_time": "2021-02-11T11:06:28.998Z", "user": 1, "content_type": 43, "object_id": "2", "object_repr": "nonDiscriminationPolicy object (2)", "action_flag": 1, "change_message": "[{\"added\": {}}]"}}, {"model": "admin.logentry", "pk": 151, "fields": {"action_time": "2021-02-11T11:07:16.849Z", "user": 1, "content_type": 43, "object_id": "3", "object_repr": "nonDiscriminationPolicy object (3)", "action_flag": 1, "change_message": "[{\"added\": {}}]"}}, {"model": "admin.logentry", "pk": 152, "fields": {"action_time": "2021-02-11T11:07:55.784Z", "user": 1, "content_type": 11, "object_id": "1", "object_repr": "After completing more than 10% of the total module assignments and up to and including completion of 25% of the assignments, 25% of the refundable tuition.", "action_flag": 1, "change_message": "[{\"added\": {}}]"}}, {"model": "admin.logentry", "pk": 153, "fields": {"action_time": "2021-02-11T11:08:06.966Z", "user": 1, "content_type": 11, "object_id": "2", "object_repr": "After completing more than 25% of the total module assignments and up to and including completion of 50% of the assignments, 10% of the refundable tuition.", "action_flag": 1, "change_message": "[{\"added\": {}}]"}}, {"model": "admin.logentry", "pk": 154, "fields": {"action_time": "2021-02-11T11:08:14.062Z", "user": 1, "content_type": 11, "object_id": "3", "object_repr": "If the student completes more than half of the total module assignments or the enrollment period has expired, the school will be entitled to the full tuition and no refund will be able. The amount of ", "action_flag": 1, "change_message": "[{\"added\": {}}]"}}, {"model": "admin.logentry", "pk": 155, "fields": {"action_time": "2021-02-11T11:08:19.945Z", "user": 1, "content_type": 11, "object_id": "4", "object_repr": "For students making rebated transfer degree and credits from an appointed institutions will not receive refund after 7 days of payment", "action_flag": 1, "change_message": "[{\"added\": {}}]"}}, {"model": "admin.logentry", "pk": 156, "fields": {"action_time": "2021-02-11T11:08:26.845Z", "user": 1, "content_type": 11, "object_id": "5", "object_repr": "Undergraduate, Graduate and Postgraduate Degree Programmes entitled Thesis Research or Credit Transfer modality at international programmes no refund is available after 7 business days of payment and ", "action_flag": 1, "change_message": "[{\"added\": {}}]"}}, {"model": "admin.logentry", "pk": 157, "fields": {"action_time": "2021-02-11T11:08:56.781Z", "user": 1, "content_type": 12, "object_id": "1", "object_repr": "NOTIFICATION", "action_flag": 1, "change_message": "[{\"added\": {}}]"}}, {"model": "admin.logentry", "pk": 158, "fields": {"action_time": "2021-02-11T11:09:13.093Z", "user": 1, "content_type": 12, "object_id": "2", "object_repr": "PROCESSING", "action_flag": 1, "change_message": "[{\"added\": {}}]"}}, {"model": "admin.logentry", "pk": 159, "fields": {"action_time": "2021-02-11T11:09:24.627Z", "user": 1, "content_type": 12, "object_id": "3", "object_repr": "FINAL ACTION", "action_flag": 1, "change_message": "[{\"added\": {}}]"}}, {"model": "admin.logentry", "pk": 160, "fields": {"action_time": "2021-02-11T11:10:25.596Z", "user": 1, "content_type": 45, "object_id": "1", "object_repr": "Undergraduate Programs", "action_flag": 1, "change_message": "[{\"added\": {}}]"}}, {"model": "admin.logentry", "pk": 161, "fields": {"action_time": "2021-02-11T11:10:57.416Z", "user": 1, "content_type": 45, "object_id": "2", "object_repr": "GRADUATE ADMISSIONS", "action_flag": 1, "change_message": "[{\"added\": {}}]"}}, {"model": "admin.logentry", "pk": 162, "fields": {"action_time": "2021-02-11T11:11:34.752Z", "user": 1, "content_type": 45, "object_id": "3", "object_repr": "MANDATORY GRADUATE DEGREE CANDIDATE INTERVIEW", "action_flag": 1, "change_message": "[{\"added\": {}}]"}}, {"model": "admin.logentry", "pk": 163, "fields": {"action_time": "2021-02-11T11:11:59.869Z", "user": 1, "content_type": 46, "object_id": "1", "object_repr": "Duly signed and fully completed the Application Form for Admissions.", "action_flag": 1, "change_message": "[{\"added\": {}}]"}}, {"model": "admin.logentry", "pk": 164, "fields": {"action_time": "2021-02-11T11:12:12.342Z", "user": 1, "content_type": 46, "object_id": "2", "object_repr": "Copies of High School Diploma or Equivalent.", "action_flag": 1, "change_message": "[{\"added\": {}}]"}}, {"model": "admin.logentry", "pk": 165, "fields": {"action_time": "2021-02-11T11:12:25.904Z", "user": 1, "content_type": 46, "object_id": "3", "object_repr": "Copies of any Certificates and Credentials if available.", "action_flag": 1, "change_message": "[{\"added\": {}}]"}}, {"model": "admin.logentry", "pk": 166, "fields": {"action_time": "2021-02-11T11:12:38.557Z", "user": 1, "content_type": 46, "object_id": "4", "object_repr": "Copies of all transcripts, diploma supplement or High School student record.", "action_flag": 1, "change_message": "[{\"added\": {}}]"}}, {"model": "admin.logentry", "pk": 167, "fields": {"action_time": "2021-02-11T11:12:52.908Z", "user": 1, "content_type": 46, "object_id": "5", "object_repr": "All applicants are required to provide a Resume or CV.", "action_flag": 1, "change_message": "[{\"added\": {}}]"}}, {"model": "admin.logentry", "pk": 168, "fields": {"action_time": "2021-02-11T11:13:08.444Z", "user": 1, "content_type": 46, "object_id": "6", "object_repr": "Passport Color Copy and Photo (Passport Style in formal dress).", "action_flag": 1, "change_message": "[{\"added\": {}}]"}}, {"model": "admin.logentry", "pk": 169, "fields": {"action_time": "2021-02-11T11:13:25.273Z", "user": 1, "content_type": 46, "object_id": "7", "object_repr": "Duly signed and fully completed the Application Form for Admissions.", "action_flag": 1, "change_message": "[{\"added\": {}}]"}}, {"model": "admin.logentry", "pk": 170, "fields": {"action_time": "2021-02-11T11:13:39.088Z", "user": 1, "content_type": 46, "object_id": "8", "object_repr": "Copies of all Diploma, Academic Degrees, Certificates and Credentials awarded or issued by accredited or recognized Colleges, Universities, or Postsecondary Institutions..", "action_flag": 1, "change_message": "[{\"added\": {}}]"}}, {"model": "admin.logentry", "pk": 171, "fields": {"action_time": "2021-02-11T11:13:54.825Z", "user": 1, "content_type": 46, "object_id": "9", "object_repr": "Copies of all previous studies (transcripts, diploma supplement).", "action_flag": 1, "change_message": "[{\"added\": {}}]"}}, {"model": "admin.logentry", "pk": 172, "fields": {"action_time": "2021-02-11T11:14:09.671Z", "user": 1, "content_type": 46, "object_id": "10", "object_repr": "All applicants are required to provide a Resume or CV.", "action_flag": 1, "change_message": "[{\"added\": {}}]"}}, {"model": "admin.logentry", "pk": 173, "fields": {"action_time": "2021-02-11T11:14:26.267Z", "user": 1, "content_type": 46, "object_id": "11", "object_repr": "Passport Color Copy.", "action_flag": 1, "change_message": "[{\"added\": {}}]"}}, {"model": "admin.logentry", "pk": 174, "fields": {"action_time": "2021-02-11T11:14:40.975Z", "user": 1, "content_type": 46, "object_id": "12", "object_repr": "Photo (Passport Style in formal dress).", "action_flag": 1, "change_message": "[{\"added\": {}}]"}}, {"model": "admin.logentry", "pk": 175, "fields": {"action_time": "2021-02-11T11:14:54.277Z", "user": 1, "content_type": 46, "object_id": "13", "object_repr": "We will ask you about your background, goals and project, we will discuss how Azteca University can help you achieve your professional goals at Doctoral Levels. Once Azteca University has invited you ", "action_flag": 1, "change_message": "[{\"added\": {}}]"}}, {"model": "admin.logentry", "pk": 176, "fields": {"action_time": "2021-02-11T11:17:13.732Z", "user": 1, "content_type": 13, "object_id": "1", "object_repr": "Information Technology", "action_flag": 1, "change_message": "[{\"added\": {}}]"}}, {"model": "admin.logentry", "pk": 177, "fields": {"action_time": "2021-02-11T11:17:26.434Z", "user": 1, "content_type": 13, "object_id": "2", "object_repr": "Civil", "action_flag": 1, "change_message": "[{\"added\": {}}]"}}, {"model": "admin.logentry", "pk": 178, "fields": {"action_time": "2021-02-11T11:17:36.990Z", "user": 1, "content_type": 13, "object_id": "3", "object_repr": "Electronics and Communication", "action_flag": 1, "change_message": "[{\"added\": {}}]"}}, {"model": "admin.logentry", "pk": 179, "fields": {"action_time": "2021-02-11T11:17:45.129Z", "user": 1, "content_type": 13, "object_id": "4", "object_repr": "Electrical Engineering", "action_flag": 1, "change_message": "[{\"added\": {}}]"}}, {"model": "admin.logentry", "pk": 180, "fields": {"action_time": "2021-02-11T11:17:52.773Z", "user": 1, "content_type": 13, "object_id": "5", "object_repr": "Mechanical", "action_flag": 1, "change_message": "[{\"added\": {}}]"}}, {"model": "admin.logentry", "pk": 181, "fields": {"action_time": "2021-02-11T11:18:59.805Z", "user": 1, "content_type": 13, "object_id": "6", "object_repr": "Human Resource Management", "action_flag": 1, "change_message": "[{\"added\": {}}]"}}, {"model": "admin.logentry", "pk": 182, "fields": {"action_time": "2021-02-11T11:19:06.682Z", "user": 1, "content_type": 13, "object_id": "7", "object_repr": "Marketing Management", "action_flag": 1, "change_message": "[{\"added\": {}}]"}}, {"model": "admin.logentry", "pk": 183, "fields": {"action_time": "2021-02-11T11:19:14.878Z", "user": 1, "content_type": 13, "object_id": "8", "object_repr": "Financial Management", "action_flag": 1, "change_message": "[{\"added\": {}}]"}}, {"model": "admin.logentry", "pk": 184, "fields": {"action_time": "2021-02-11T11:19:22.324Z", "user": 1, "content_type": 13, "object_id": "9", "object_repr": "International Business Management", "action_flag": 1, "change_message": "[{\"added\": {}}]"}}, {"model": "admin.logentry", "pk": 185, "fields": {"action_time": "2021-02-11T11:19:31.351Z", "user": 1, "content_type": 13, "object_id": "10", "object_repr": "Computer Science", "action_flag": 1, "change_message": "[{\"added\": {}}]"}}, {"model": "admin.logentry", "pk": 186, "fields": {"action_time": "2021-02-11T11:19:56.312Z", "user": 1, "content_type": 13, "object_id": "11", "object_repr": "Health Care Administration", "action_flag": 1, "change_message": "[{\"added\": {}}]"}}, {"model": "admin.logentry", "pk": 187, "fields": {"action_time": "2021-02-11T11:20:13.498Z", "user": 1, "content_type": 13, "object_id": "12", "object_repr": "Accounting & Management", "action_flag": 1, "change_message": "[{\"added\": {}}]"}}, {"model": "admin.logentry", "pk": 188, "fields": {"action_time": "2021-02-11T11:20:24.315Z", "user": 1, "content_type": 13, "object_id": "13", "object_repr": "Supply Chain Management", "action_flag": 1, "change_message": "[{\"added\": {}}]"}}, {"model": "admin.logentry", "pk": 189, "fields": {"action_time": "2021-02-11T11:20:31.248Z", "user": 1, "content_type": 13, "object_id": "14", "object_repr": "Commerce", "action_flag": 1, "change_message": "[{\"added\": {}}]"}}, {"model": "admin.logentry", "pk": 190, "fields": {"action_time": "2021-02-11T11:20:39.776Z", "user": 1, "content_type": 13, "object_id": "15", "object_repr": "Educational Management", "action_flag": 1, "change_message": "[{\"added\": {}}]"}}, {"model": "admin.logentry", "pk": 191, "fields": {"action_time": "2021-02-11T11:20:53.238Z", "user": 1, "content_type": 13, "object_id": "16", "object_repr": "Educational Psychology", "action_flag": 1, "change_message": "[{\"added\": {}}]"}}, {"model": "admin.logentry", "pk": 192, "fields": {"action_time": "2021-02-11T11:21:01.295Z", "user": 1, "content_type": 13, "object_id": "17", "object_repr": "Mass Communication", "action_flag": 1, "change_message": "[{\"added\": {}}]"}}, {"model": "admin.logentry", "pk": 193, "fields": {"action_time": "2021-02-11T11:21:11.022Z", "user": 1, "content_type": 13, "object_id": "18", "object_repr": "Bachelor of International Relations", "action_flag": 1, "change_message": "[{\"added\": {}}]"}}, {"model": "admin.logentry", "pk": 194, "fields": {"action_time": "2021-02-11T11:21:24.535Z", "user": 1, "content_type": 13, "object_id": "19", "object_repr": "Bachelor of Sciences (B.Sc.) in Tourism and Hospitality Management", "action_flag": 1, "change_message": "[{\"added\": {}}]"}}, {"model": "admin.logentry", "pk": 195, "fields": {"action_time": "2021-02-11T11:21:31.282Z", "user": 1, "content_type": 13, "object_id": "20", "object_repr": "Bachelor of Foreign Trade", "action_flag": 1, "change_message": "[{\"added\": {}}]"}}, {"model": "admin.logentry", "pk": 196, "fields": {"action_time": "2021-02-11T11:21:39.875Z", "user": 1, "content_type": 13, "object_id": "21", "object_repr": "Bachelor of Law (LLB)", "action_flag": 1, "change_message": "[{\"added\": {}}]"}}, {"model": "admin.logentry", "pk": 197, "fields": {"action_time": "2021-02-11T11:21:50.423Z", "user": 1, "content_type": 13, "object_id": "22", "object_repr": "Bachelor of Science (B.Sc.)", "action_flag": 1, "change_message": "[{\"added\": {}}]"}}, {"model": "admin.logentry", "pk": 198, "fields": {"action_time": "2021-02-11T11:21:57.588Z", "user": 1, "content_type": 13, "object_id": "23", "object_repr": "Bachelor of Environmental Science (B.Sc.)", "action_flag": 1, "change_message": "[{\"added\": {}}]"}}, {"model": "admin.logentry", "pk": 199, "fields": {"action_time": "2021-02-11T11:22:06.078Z", "user": 1, "content_type": 13, "object_id": "24", "object_repr": "Bachelor in Social Work", "action_flag": 1, "change_message": "[{\"added\": {}}]"}}, {"model": "admin.logentry", "pk": 200, "fields": {"action_time": "2021-02-11T11:22:17.276Z", "user": 1, "content_type": 13, "object_id": "25", "object_repr": "Bachelor of Science in Nursing", "action_flag": 1, "change_message": "[{\"added\": {}}]"}}, {"model": "admin.logentry", "pk": 201, "fields": {"action_time": "2021-02-11T11:22:26.155Z", "user": 1, "content_type": 13, "object_id": "26", "object_repr": "Bachelor of Pedagogy", "action_flag": 1, "change_message": "[{\"added\": {}}]"}}, {"model": "admin.logentry", "pk": 202, "fields": {"action_time": "2021-02-11T11:22:48.896Z", "user": 1, "content_type": 13, "object_id": "27", "object_repr": "Human Resource Management", "action_flag": 1, "change_message": "[{\"added\": {}}]"}}, {"model": "admin.logentry", "pk": 203, "fields": {"action_time": "2021-02-11T11:23:07.295Z", "user": 1, "content_type": 13, "object_id": "28", "object_repr": "Marketing Management", "action_flag": 1, "change_message": "[{\"added\": {}}]"}}, {"model": "admin.logentry", "pk": 204, "fields": {"action_time": "2021-02-11T11:23:18.244Z", "user": 1, "content_type": 13, "object_id": "29", "object_repr": "Financial Management", "action_flag": 1, "change_message": "[{\"added\": {}}]"}}, {"model": "admin.logentry", "pk": 205, "fields": {"action_time": "2021-02-11T11:27:35.466Z", "user": 1, "content_type": 13, "object_id": "30", "object_repr": "International Business Management", "action_flag": 1, "change_message": "[{\"added\": {}}]"}}, {"model": "admin.logentry", "pk": 206, "fields": {"action_time": "2021-02-11T11:27:46.236Z", "user": 1, "content_type": 13, "object_id": "31", "object_repr": "Oil & Gas Management", "action_flag": 1, "change_message": "[{\"added\": {}}]"}}, {"model": "admin.logentry", "pk": 207, "fields": {"action_time": "2021-02-11T11:27:55.164Z", "user": 1, "content_type": 13, "object_id": "32", "object_repr": "Production & Operations Management", "action_flag": 1, "change_message": "[{\"added\": {}}]"}}, {"model": "admin.logentry", "pk": 208, "fields": {"action_time": "2021-02-11T11:28:15.867Z", "user": 1, "content_type": 13, "object_id": "33", "object_repr": "Supply Chain Management", "action_flag": 1, "change_message": "[{\"added\": {}}]"}}, {"model": "admin.logentry", "pk": 209, "fields": {"action_time": "2021-02-11T11:28:25.198Z", "user": 1, "content_type": 13, "object_id": "34", "object_repr": "Construction Management", "action_flag": 1, "change_message": "[{\"added\": {}}]"}}, {"model": "admin.logentry", "pk": 210, "fields": {"action_time": "2021-02-11T11:28:36.429Z", "user": 1, "content_type": 13, "object_id": "35", "object_repr": "Accounting & Management", "action_flag": 1, "change_message": "[{\"added\": {}}]"}}, {"model": "admin.logentry", "pk": 211, "fields": {"action_time": "2021-02-11T11:28:51.896Z", "user": 1, "content_type": 13, "object_id": "36", "object_repr": "Project Management", "action_flag": 1, "change_message": "[{\"added\": {}}]"}}, {"model": "admin.logentry", "pk": 212, "fields": {"action_time": "2021-02-11T11:28:59.124Z", "user": 1, "content_type": 13, "object_id": "37", "object_repr": "Tourism and Hospitality Management", "action_flag": 1, "change_message": "[{\"added\": {}}]"}}, {"model": "admin.logentry", "pk": 213, "fields": {"action_time": "2021-02-11T11:29:09.123Z", "user": 1, "content_type": 13, "object_id": "38", "object_repr": "Banking & Insurance", "action_flag": 1, "change_message": "[{\"added\": {}}]"}}, {"model": "admin.logentry", "pk": 214, "fields": {"action_time": "2021-02-11T11:29:30.751Z", "user": 1, "content_type": 13, "object_id": "39", "object_repr": "Executive Master of Business Administration (EMBA) Diploma", "action_flag": 1, "change_message": "[{\"added\": {}}]"}}, {"model": "admin.logentry", "pk": 215, "fields": {"action_time": "2021-02-11T11:29:38.643Z", "user": 1, "content_type": 13, "object_id": "40", "object_repr": "Master of Sciences in Business Administration (M.Sc.)", "action_flag": 1, "change_message": "[{\"added\": {}}]"}}, {"model": "admin.logentry", "pk": 216, "fields": {"action_time": "2021-02-11T11:29:47.149Z", "user": 1, "content_type": 13, "object_id": "41", "object_repr": "Master of Sciences in International Relations (MSc)", "action_flag": 1, "change_message": "[{\"added\": {}}]"}}, {"model": "admin.logentry", "pk": 217, "fields": {"action_time": "2021-02-11T11:29:55.537Z", "user": 1, "content_type": 13, "object_id": "42", "object_repr": "Master of Sciences in Psychology (M.Sc.)", "action_flag": 1, "change_message": "[{\"added\": {}}]"}}, {"model": "admin.logentry", "pk": 218, "fields": {"action_time": "2021-02-11T11:30:04.173Z", "user": 1, "content_type": 13, "object_id": "43", "object_repr": "Master of Sciences in Information Technology (M.Sc.)", "action_flag": 1, "change_message": "[{\"added\": {}}]"}}, {"model": "admin.logentry", "pk": 219, "fields": {"action_time": "2021-02-11T11:30:13.570Z", "user": 1, "content_type": 13, "object_id": "44", "object_repr": "Master in Computer Sciences (M.Sc.)", "action_flag": 1, "change_message": "[{\"added\": {}}]"}}, {"model": "admin.logentry", "pk": 220, "fields": {"action_time": "2021-02-11T11:30:23.482Z", "user": 1, "content_type": 13, "object_id": "45", "object_repr": "Master of Sciences in Health Sciences (M.Sc.)", "action_flag": 1, "change_message": "[{\"added\": {}}]"}}, {"model": "admin.logentry", "pk": 221, "fields": {"action_time": "2021-02-11T11:30:30.606Z", "user": 1, "content_type": 13, "object_id": "46", "object_repr": "Master of Sciences in Public Health (M.Sc.)", "action_flag": 1, "change_message": "[{\"added\": {}}]"}}, {"model": "admin.logentry", "pk": 222, "fields": {"action_time": "2021-02-11T11:30:39.434Z", "user": 1, "content_type": 13, "object_id": "47", "object_repr": "Master of Educational Sciences (M.Ed.)", "action_flag": 1, "change_message": "[{\"added\": {}}]"}}, {"model": "admin.logentry", "pk": 223, "fields": {"action_time": "2021-02-11T11:30:47.989Z", "user": 1, "content_type": 13, "object_id": "48", "object_repr": "Master of Sciences in Law (M.Sc.)", "action_flag": 1, "change_message": "[{\"added\": {}}]"}}, {"model": "admin.logentry", "pk": 224, "fields": {"action_time": "2021-02-11T11:30:56.824Z", "user": 1, "content_type": 13, "object_id": "49", "object_repr": "Master of Science in Coaching (M.Sc.)", "action_flag": 1, "change_message": "[{\"added\": {}}]"}}, {"model": "admin.logentry", "pk": 225, "fields": {"action_time": "2021-02-11T11:31:04.741Z", "user": 1, "content_type": 13, "object_id": "50", "object_repr": "Master of Criminal Law (LLM)", "action_flag": 1, "change_message": "[{\"added\": {}}]"}}, {"model": "admin.logentry", "pk": 226, "fields": {"action_time": "2021-02-11T11:32:08.655Z", "user": 1, "content_type": 13, "object_id": "51", "object_repr": "Doctor of Philosophy, (PhD) in Business Administration", "action_flag": 1, "change_message": "[{\"added\": {}}]"}}, {"model": "admin.logentry", "pk": 227, "fields": {"action_time": "2021-02-11T11:32:15.168Z", "user": 1, "content_type": 13, "object_id": "52", "object_repr": "Doctor of Business Administration (DBA)", "action_flag": 1, "change_message": "[{\"added\": {}}]"}}, {"model": "admin.logentry", "pk": 228, "fields": {"action_time": "2021-02-11T11:32:23.865Z", "user": 1, "content_type": 13, "object_id": "53", "object_repr": "Doctor of Philosophy, (PhD) in Economics", "action_flag": 1, "change_message": "[{\"added\": {}}]"}}, {"model": "admin.logentry", "pk": 229, "fields": {"action_time": "2021-02-11T11:32:34.558Z", "user": 1, "content_type": 13, "object_id": "54", "object_repr": "Doctor of Philosophy in International Relations (PhD)", "action_flag": 1, "change_message": "[{\"added\": {}}]"}}, {"model": "admin.logentry", "pk": 230, "fields": {"action_time": "2021-02-11T11:32:44.073Z", "user": 1, "content_type": 13, "object_id": "55", "object_repr": "Doctor of Philosophy in International Law (PhD)", "action_flag": 1, "change_message": "[{\"added\": {}}]"}}, {"model": "admin.logentry", "pk": 231, "fields": {"action_time": "2021-02-11T11:32:52.523Z", "user": 1, "content_type": 13, "object_id": "56", "object_repr": "Doctor of Philosophy in Law (PhD)", "action_flag": 1, "change_message": "[{\"added\": {}}]"}}, {"model": "admin.logentry", "pk": 232, "fields": {"action_time": "2021-02-11T11:33:00.293Z", "user": 1, "content_type": 13, "object_id": "57", "object_repr": "Doctor of Philosophy, (PhD) in Social Science", "action_flag": 1, "change_message": "[{\"added\": {}}]"}}, {"model": "admin.logentry", "pk": 233, "fields": {"action_time": "2021-02-11T11:33:10.728Z", "user": 1, "content_type": 13, "object_id": "58", "object_repr": "Doctor of Education (D.Ed.)", "action_flag": 1, "change_message": "[{\"added\": {}}]"}}, {"model": "admin.logentry", "pk": 234, "fields": {"action_time": "2021-02-11T11:33:19.055Z", "user": 1, "content_type": 13, "object_id": "59", "object_repr": "Doctor of Philosophy, (PhD) in Environmental Science", "action_flag": 1, "change_message": "[{\"added\": {}}]"}}, {"model": "admin.logentry", "pk": 235, "fields": {"action_time": "2021-02-11T11:33:27.399Z", "user": 1, "content_type": 13, "object_id": "60", "object_repr": "Doctor of Philosophy, (PhD) in Health Sciences", "action_flag": 1, "change_message": "[{\"added\": {}}]"}}, {"model": "admin.logentry", "pk": 236, "fields": {"action_time": "2021-02-11T11:33:41.985Z", "user": 1, "content_type": 13, "object_id": "61", "object_repr": "Doctor of Philosophy, (PhD) in Alternative & Natural Medicine", "action_flag": 1, "change_message": "[{\"added\": {}}]"}}, {"model": "admin.logentry", "pk": 237, "fields": {"action_time": "2021-02-11T11:33:49.656Z", "user": 1, "content_type": 13, "object_id": "61", "object_repr": "Doctor of Philosophy, (PhD) in Alternative & Natural Medicine", "action_flag": 2, "change_message": "[{\"changed\": {\"fields\": [\"DegreeProgram\"]}}]"}}, {"model": "admin.logentry", "pk": 238, "fields": {"action_time": "2021-02-11T11:33:59.443Z", "user": 1, "content_type": 13, "object_id": "62", "object_repr": "Doctor of Philosophy, (PhD) in Public Health", "action_flag": 1, "change_message": "[{\"added\": {}}]"}}, {"model": "admin.logentry", "pk": 239, "fields": {"action_time": "2021-02-11T11:34:13.421Z", "user": 1, "content_type": 13, "object_id": "63", "object_repr": "Doctor of Philosophy, (PhD) in Psychology", "action_flag": 1, "change_message": "[{\"added\": {}}]"}}, {"model": "admin.logentry", "pk": 240, "fields": {"action_time": "2021-02-11T11:34:27.379Z", "user": 1, "content_type": 13, "object_id": "64", "object_repr": "Doctor of Philosophy, (PhD) in Computer Sciences", "action_flag": 1, "change_message": "[{\"added\": {}}]"}}, {"model": "admin.logentry", "pk": 241, "fields": {"action_time": "2021-02-11T11:34:35.588Z", "user": 1, "content_type": 13, "object_id": "65", "object_repr": "Doctor of Philosophy, (PhD) in Management", "action_flag": 1, "change_message": "[{\"added\": {}}]"}}, {"model": "admin.logentry", "pk": 242, "fields": {"action_time": "2021-02-11T11:35:13.581Z", "user": 1, "content_type": 37, "object_id": "1", "object_repr": "The registrar is responsible for maintaining files that contain official transcripts of work performed by students at other institutions, official transcripts, and copies of occasional letters written", "action_flag": 1, "change_message": "[{\"added\": {}}]"}}, {"model": "admin.logentry", "pk": 243, "fields": {"action_time": "2021-02-11T11:35:28.994Z", "user": 1, "content_type": 37, "object_id": "2", "object_repr": "Each Dean and Programme Coordinator is responsible for maintaining files that contain essentially the ame kinds of material as the registrar\u2019s files. These separate files are maintained for the conven", "action_flag": 1, "change_message": "[{\"added\": {}}]"}}, {"model": "admin.logentry", "pk": 244, "fields": {"action_time": "2021-02-11T11:35:46.098Z", "user": 1, "content_type": 37, "object_id": "3", "object_repr": "At the request of students, the Office of Career Services and Corporate Relations maintains files containing evaluations from faculty and staff of Universidad Azteca and other institutions attended ei", "action_flag": 1, "change_message": "[{\"added\": {}}]"}}, {"model": "admin.logentry", "pk": 245, "fields": {"action_time": "2021-02-11T11:35:57.659Z", "user": 1, "content_type": 37, "object_id": "4", "object_repr": "The Admissions Office staff is responsible for maintaining files that contain letters of recommendation for admission to U.Azteca, transcripts of work performed at other institutions, scores of examin", "action_flag": 1, "change_message": "[{\"added\": {}}]"}}, {"model": "admin.logentry", "pk": 246, "fields": {"action_time": "2021-02-11T11:36:13.869Z", "user": 1, "content_type": 37, "object_id": "5", "object_repr": "The Department of Finance is responsible for maintaining files that contain applications, academic compliance and tuition fees invoices, scholarships and information regarding awards from previous ins", "action_flag": 1, "change_message": "[{\"added\": {}}]"}}, {"model": "admin.logentry", "pk": 247, "fields": {"action_time": "2021-02-11T11:36:30.774Z", "user": 1, "content_type": 37, "object_id": "6", "object_repr": "The Dean of European Programmes is responsible for maintaining files that contain background information and official documents about alleged student misconduct, disciplinary hearings, and student gri", "action_flag": 1, "change_message": "[{\"added\": {}}]"}}, {"model": "admin.logentry", "pk": 248, "fields": {"action_time": "2021-02-11T11:36:49.051Z", "user": 1, "content_type": 37, "object_id": "7", "object_repr": "The Student Billing Office is responsible for maintaining files that contain payment contracts, student and third party payments, authorizations to charge or reverse charges, correspondence with the s", "action_flag": 1, "change_message": "[{\"added\": {}}]"}}, {"model": "admin.logentry", "pk": 249, "fields": {"action_time": "2021-02-11T11:38:07.878Z", "user": 1, "content_type": 31, "object_id": "1", "object_repr": "testimonials object (1)", "action_flag": 1, "change_message": "[{\"added\": {}}]"}}, {"model": "admin.logentry", "pk": 250, "fields": {"action_time": "2021-02-11T11:38:29.318Z", "user": 1, "content_type": 31, "object_id": "2", "object_repr": "testimonials object (2)", "action_flag": 1, "change_message": "[{\"added\": {}}]"}}, {"model": "admin.logentry", "pk": 251, "fields": {"action_time": "2021-02-11T11:38:56.840Z", "user": 1, "content_type": 31, "object_id": "3", "object_repr": "testimonials object (3)", "action_flag": 1, "change_message": "[{\"added\": {}}]"}}, {"model": "admin.logentry", "pk": 252, "fields": {"action_time": "2021-02-11T11:39:20.110Z", "user": 1, "content_type": 31, "object_id": "4", "object_repr": "testimonials object (4)", "action_flag": 1, "change_message": "[{\"added\": {}}]"}}, {"model": "admin.logentry", "pk": 253, "fields": {"action_time": "2021-02-11T11:39:41.551Z", "user": 1, "content_type": 31, "object_id": "5", "object_repr": "testimonials object (5)", "action_flag": 1, "change_message": "[{\"added\": {}}]"}}, {"model": "admin.logentry", "pk": 254, "fields": {"action_time": "2021-02-11T11:40:27.531Z", "user": 1, "content_type": 36, "object_id": "1", "object_repr": "thesisEvaluation object (1)", "action_flag": 1, "change_message": "[{\"added\": {}}]"}}, {"model": "admin.logentry", "pk": 255, "fields": {"action_time": "2021-02-11T11:44:13.364Z", "user": 1, "content_type": 36, "object_id": "2", "object_repr": "thesisEvaluation object (2)", "action_flag": 1, "change_message": "[{\"added\": {}}]"}}, {"model": "admin.logentry", "pk": 256, "fields": {"action_time": "2021-02-11T11:44:50.911Z", "user": 1, "content_type": 36, "object_id": "3", "object_repr": "thesisEvaluation object (3)", "action_flag": 1, "change_message": "[{\"added\": {}}]"}}, {"model": "admin.logentry", "pk": 257, "fields": {"action_time": "2021-02-11T11:45:24.854Z", "user": 1, "content_type": 36, "object_id": "4", "object_repr": "thesisEvaluation object (4)", "action_flag": 1, "change_message": "[{\"added\": {}}]"}}, {"model": "admin.logentry", "pk": 258, "fields": {"action_time": "2021-02-11T11:47:05.703Z", "user": 1, "content_type": 36, "object_id": "2", "object_repr": "thesisEvaluation object (2)", "action_flag": 3, "change_message": ""}}, {"model": "admin.logentry", "pk": 259, "fields": {"action_time": "2021-02-11T11:47:16.978Z", "user": 1, "content_type": 36, "object_id": "3", "object_repr": "thesisEvaluation object (3)", "action_flag": 3, "change_message": ""}}, {"model": "admin.logentry", "pk": 260, "fields": {"action_time": "2021-02-11T11:47:30.182Z", "user": 1, "content_type": 36, "object_id": "4", "object_repr": "thesisEvaluation object (4)", "action_flag": 3, "change_message": ""}}, {"model": "admin.logentry", "pk": 261, "fields": {"action_time": "2021-02-11T11:49:08.260Z", "user": 1, "content_type": 36, "object_id": "5", "object_repr": "thesisEvaluation object (5)", "action_flag": 1, "change_message": "[{\"added\": {}}]"}}, {"model": "admin.logentry", "pk": 262, "fields": {"action_time": "2021-02-11T11:49:59.763Z", "user": 1, "content_type": 36, "object_id": "6", "object_repr": "thesisEvaluation object (6)", "action_flag": 1, "change_message": "[{\"added\": {}}]"}}, {"model": "admin.logentry", "pk": 263, "fields": {"action_time": "2021-02-11T11:50:33.845Z", "user": 1, "content_type": 36, "object_id": "7", "object_repr": "thesisEvaluation object (7)", "action_flag": 1, "change_message": "[{\"added\": {}}]"}}, {"model": "admin.logentry", "pk": 264, "fields": {"action_time": "2021-02-11T11:51:30.437Z", "user": 1, "content_type": 36, "object_id": "8", "object_repr": "thesisEvaluation object (8)", "action_flag": 1, "change_message": "[{\"added\": {}}]"}}, {"model": "admin.logentry", "pk": 265, "fields": {"action_time": "2021-02-11T11:52:18.863Z", "user": 1, "content_type": 36, "object_id": "9", "object_repr": "thesisEvaluation object (9)", "action_flag": 1, "change_message": "[{\"added\": {}}]"}}, {"model": "admin.logentry", "pk": 266, "fields": {"action_time": "2021-02-11T11:53:46.095Z", "user": 1, "content_type": 36, "object_id": "10", "object_repr": "thesisEvaluation object (10)", "action_flag": 1, "change_message": "[{\"added\": {}}]"}}, {"model": "admin.logentry", "pk": 267, "fields": {"action_time": "2021-02-11T11:55:01.508Z", "user": 1, "content_type": 33, "object_id": "1", "object_repr": "thesisPolicy object (1)", "action_flag": 1, "change_message": "[{\"added\": {}}]"}}, {"model": "admin.logentry", "pk": 268, "fields": {"action_time": "2021-02-11T11:55:25.203Z", "user": 1, "content_type": 33, "object_id": "2", "object_repr": "thesisPolicy object (2)", "action_flag": 1, "change_message": "[{\"added\": {}}]"}}, {"model": "admin.logentry", "pk": 269, "fields": {"action_time": "2021-02-11T11:56:36.151Z", "user": 1, "content_type": 21, "object_id": "1", "object_repr": "OUR MISSION", "action_flag": 1, "change_message": "[{\"added\": {}}]"}}, {"model": "admin.logentry", "pk": 270, "fields": {"action_time": "2021-02-11T11:57:10.085Z", "user": 1, "content_type": 21, "object_id": "2", "object_repr": "OUR VISION", "action_flag": 1, "change_message": "[{\"added\": {}}]"}}, {"model": "admin.logentry", "pk": 271, "fields": {"action_time": "2021-02-11T12:30:17.423Z", "user": 1, "content_type": 41, "object_id": "1", "object_repr": "universityOffering object (1)", "action_flag": 1, "change_message": "[{\"added\": {}}]"}}, {"model": "admin.logentry", "pk": 272, "fields": {"action_time": "2021-02-11T12:30:24.390Z", "user": 1, "content_type": 41, "object_id": "2", "object_repr": "universityOffering object (2)", "action_flag": 1, "change_message": "[{\"added\": {}}]"}}, {"model": "admin.logentry", "pk": 273, "fields": {"action_time": "2021-02-11T12:30:30.438Z", "user": 1, "content_type": 41, "object_id": "3", "object_repr": "universityOffering object (3)", "action_flag": 1, "change_message": "[{\"added\": {}}]"}}, {"model": "admin.logentry", "pk": 274, "fields": {"action_time": "2021-02-11T12:30:36.679Z", "user": 1, "content_type": 41, "object_id": "4", "object_repr": "universityOffering object (4)", "action_flag": 1, "change_message": "[{\"added\": {}}]"}}, {"model": "admin.logentry", "pk": 275, "fields": {"action_time": "2021-02-11T12:30:44.641Z", "user": 1, "content_type": 41, "object_id": "5", "object_repr": "universityOffering object (5)", "action_flag": 1, "change_message": "[{\"added\": {}}]"}}, {"model": "admin.logentry", "pk": 276, "fields": {"action_time": "2021-02-11T14:40:40.333Z", "user": 1, "content_type": 13, "object_id": "66", "object_repr": "Doctor of Philosophy (PHD), in Computer Science Engineering", "action_flag": 1, "change_message": "[{\"added\": {}}]"}}, {"model": "admin.logentry", "pk": 277, "fields": {"action_time": "2021-02-11T14:41:23.047Z", "user": 1, "content_type": 13, "object_id": "67", "object_repr": "Doctor of Philosophy (PHD), in Information Technology", "action_flag": 1, "change_message": "[{\"added\": {}}]"}}, {"model": "admin.logentry", "pk": 278, "fields": {"action_time": "2021-02-11T14:46:54.822Z", "user": 1, "content_type": 30, "object_id": "15", "object_repr": "INDIA", "action_flag": 1, "change_message": "[{\"added\": {}}]"}}, {"model": "admin.logentry", "pk": 279, "fields": {"action_time": "2021-02-12T10:24:14.355Z", "user": 1, "content_type": 21, "object_id": "1", "object_repr": "OUR MISSION", "action_flag": 2, "change_message": "[{\"changed\": {\"fields\": [\"Image\"]}}]"}}, {"model": "admin.logentry", "pk": 280, "fields": {"action_time": "2021-02-12T10:24:45.004Z", "user": 1, "content_type": 21, "object_id": "2", "object_repr": "OUR VISION", "action_flag": 2, "change_message": "[{\"changed\": {\"fields\": [\"Image\"]}}]"}}, {"model": "admin.logentry", "pk": 281, "fields": {"action_time": "2021-02-14T15:36:47.089Z", "user": 1, "content_type": 38, "object_id": "1", "object_repr": "academicsCenters object (1)", "action_flag": 2, "change_message": "[{\"changed\": {\"fields\": [\"Image\"]}}]"}}, {"model": "admin.logentry", "pk": 282, "fields": {"action_time": "2021-02-14T16:53:13.459Z", "user": 1, "content_type": 38, "object_id": "2", "object_repr": "academicsCenters object (2)", "action_flag": 2, "change_message": "[{\"changed\": {\"fields\": [\"Image\"]}}]"}}, {"model": "admin.logentry", "pk": 283, "fields": {"action_time": "2021-02-14T16:53:29.098Z", "user": 1, "content_type": 38, "object_id": "3", "object_repr": "academicsCenters object (3)", "action_flag": 2, "change_message": "[{\"changed\": {\"fields\": [\"Image\"]}}]"}}, {"model": "admin.logentry", "pk": 284, "fields": {"action_time": "2021-02-14T16:54:14.275Z", "user": 1, "content_type": 34, "object_id": "1", "object_repr": "academyWorks object (1)", "action_flag": 2, "change_message": "[{\"changed\": {\"fields\": [\"Icon\"]}}]"}}, {"model": "admin.logentry", "pk": 285, "fields": {"action_time": "2021-02-14T16:54:37.861Z", "user": 1, "content_type": 34, "object_id": "2", "object_repr": "academyWorks object (2)", "action_flag": 2, "change_message": "[{\"changed\": {\"fields\": [\"Icon\", \"Attachment\"]}}]"}}, {"model": "admin.logentry", "pk": 286, "fields": {"action_time": "2021-02-14T16:55:16.240Z", "user": 1, "content_type": 34, "object_id": "3", "object_repr": "academyWorks object (3)", "action_flag": 2, "change_message": "[{\"changed\": {\"fields\": [\"Icon\", \"Attachment\"]}}]"}}, {"model": "admin.logentry", "pk": 287, "fields": {"action_time": "2021-02-14T16:55:32.274Z", "user": 1, "content_type": 34, "object_id": "4", "object_repr": "academyWorks object (4)", "action_flag": 2, "change_message": "[{\"changed\": {\"fields\": [\"Icon\"]}}]"}}, {"model": "admin.logentry", "pk": 288, "fields": {"action_time": "2021-02-14T16:55:53.260Z", "user": 1, "content_type": 34, "object_id": "5", "object_repr": "academyWorks object (5)", "action_flag": 2, "change_message": "[{\"changed\": {\"fields\": [\"Icon\"]}}]"}}, {"model": "admin.logentry", "pk": 289, "fields": {"action_time": "2021-02-14T16:56:04.344Z", "user": 1, "content_type": 34, "object_id": "6", "object_repr": "academyWorks object (6)", "action_flag": 2, "change_message": "[{\"changed\": {\"fields\": [\"Icon\"]}}]"}}, {"model": "admin.logentry", "pk": 290, "fields": {"action_time": "2021-02-14T16:57:01.278Z", "user": 1, "content_type": 30, "object_id": "15", "object_repr": "INDIA", "action_flag": 2, "change_message": "[{\"changed\": {\"fields\": [\"Flag\"]}}]"}}, {"model": "admin.logentry", "pk": 291, "fields": {"action_time": "2021-02-14T16:57:13.690Z", "user": 1, "content_type": 30, "object_id": "14", "object_repr": "BANGLADESH", "action_flag": 2, "change_message": "[{\"changed\": {\"fields\": [\"Flag\"]}}]"}}, {"model": "admin.logentry", "pk": 292, "fields": {"action_time": "2021-02-14T16:57:28.224Z", "user": 1, "content_type": 30, "object_id": "13", "object_repr": "CONGO", "action_flag": 2, "change_message": "[{\"changed\": {\"fields\": [\"Flag\"]}}]"}}, {"model": "admin.logentry", "pk": 293, "fields": {"action_time": "2021-02-14T16:57:39.890Z", "user": 1, "content_type": 30, "object_id": "12", "object_repr": "EGYPT", "action_flag": 2, "change_message": "[{\"changed\": {\"fields\": [\"Flag\"]}}]"}}, {"model": "admin.logentry", "pk": 294, "fields": {"action_time": "2021-02-14T16:57:52.042Z", "user": 1, "content_type": 30, "object_id": "11", "object_repr": "GERMANY", "action_flag": 2, "change_message": "[{\"changed\": {\"fields\": [\"Flag\"]}}]"}}, {"model": "admin.logentry", "pk": 295, "fields": {"action_time": "2021-02-14T16:58:10.003Z", "user": 1, "content_type": 30, "object_id": "10", "object_repr": "INDIA", "action_flag": 2, "change_message": "[{\"changed\": {\"fields\": [\"Flag\"]}}]"}}, {"model": "admin.logentry", "pk": 296, "fields": {"action_time": "2021-02-14T16:58:26.689Z", "user": 1, "content_type": 30, "object_id": "9", "object_repr": "MALAWI", "action_flag": 2, "change_message": "[{\"changed\": {\"fields\": [\"Flag\"]}}]"}}, {"model": "admin.logentry", "pk": 297, "fields": {"action_time": "2021-02-14T16:58:41.737Z", "user": 1, "content_type": 30, "object_id": "8", "object_repr": "MAURITIUS", "action_flag": 2, "change_message": "[{\"changed\": {\"fields\": [\"Flag\"]}}]"}}, {"model": "admin.logentry", "pk": 298, "fields": {"action_time": "2021-02-14T16:58:57.438Z", "user": 1, "content_type": 30, "object_id": "7", "object_repr": "MALAYSIA", "action_flag": 2, "change_message": "[{\"changed\": {\"fields\": [\"Flag\"]}}]"}}, {"model": "admin.logentry", "pk": 299, "fields": {"action_time": "2021-02-14T16:59:13.149Z", "user": 1, "content_type": 30, "object_id": "6", "object_repr": "MYANMAR", "action_flag": 2, "change_message": "[{\"changed\": {\"fields\": [\"Flag\"]}}]"}}, {"model": "admin.logentry", "pk": 300, "fields": {"action_time": "2021-02-14T16:59:29.383Z", "user": 1, "content_type": 30, "object_id": "5", "object_repr": "NIGERIA", "action_flag": 2, "change_message": "[{\"changed\": {\"fields\": [\"Flag\"]}}]"}}, {"model": "admin.logentry", "pk": 301, "fields": {"action_time": "2021-02-14T16:59:49.599Z", "user": 1, "content_type": 30, "object_id": "4", "object_repr": "PAKISTAN", "action_flag": 2, "change_message": "[{\"changed\": {\"fields\": [\"Flag\"]}}]"}}, {"model": "admin.logentry", "pk": 302, "fields": {"action_time": "2021-02-14T17:00:06.454Z", "user": 1, "content_type": 30, "object_id": "3", "object_repr": "RWANDA", "action_flag": 2, "change_message": "[{\"changed\": {\"fields\": [\"Flag\"]}}]"}}, {"model": "admin.logentry", "pk": 303, "fields": {"action_time": "2021-02-14T17:00:21.355Z", "user": 1, "content_type": 30, "object_id": "2", "object_repr": "SRI LANKA", "action_flag": 2, "change_message": "[{\"changed\": {\"fields\": [\"Flag\"]}}]"}}, {"model": "admin.logentry", "pk": 304, "fields": {"action_time": "2021-02-14T17:00:36.248Z", "user": 1, "content_type": 30, "object_id": "1", "object_repr": "UNITED ARAB EMIRATES", "action_flag": 2, "change_message": "[{\"changed\": {\"fields\": [\"Flag\"]}}]"}}, {"model": "admin.logentry", "pk": 305, "fields": {"action_time": "2021-02-14T17:03:49.616Z", "user": 1, "content_type": 22, "object_id": "1", "object_repr": "Dr. Jos\u00e9 Agust\u00edn Lop\u00e9z G\u00f3nzalez Pacheco", "action_flag": 2, "change_message": "[{\"changed\": {\"fields\": [\"Image\"]}}]"}}, {"model": "admin.logentry", "pk": 306, "fields": {"action_time": "2021-02-14T17:06:09.146Z", "user": 1, "content_type": 32, "object_id": "1", "object_repr": "faculty object (1)", "action_flag": 2, "change_message": "[{\"changed\": {\"fields\": [\"Image\"]}}]"}}, {"model": "admin.logentry", "pk": 307, "fields": {"action_time": "2021-02-14T17:06:21.782Z", "user": 1, "content_type": 32, "object_id": "2", "object_repr": "faculty object (2)", "action_flag": 2, "change_message": "[{\"changed\": {\"fields\": [\"Image\"]}}]"}}, {"model": "admin.logentry", "pk": 308, "fields": {"action_time": "2021-02-14T17:06:33.364Z", "user": 1, "content_type": 32, "object_id": "3", "object_repr": "faculty object (3)", "action_flag": 2, "change_message": "[{\"changed\": {\"fields\": [\"Image\"]}}]"}}, {"model": "admin.logentry", "pk": 309, "fields": {"action_time": "2021-02-14T17:06:53.795Z", "user": 1, "content_type": 32, "object_id": "4", "object_repr": "faculty object (4)", "action_flag": 2, "change_message": "[{\"changed\": {\"fields\": [\"Image\"]}}]"}}, {"model": "admin.logentry", "pk": 310, "fields": {"action_time": "2021-02-14T17:07:07.595Z", "user": 1, "content_type": 32, "object_id": "5", "object_repr": "faculty object (5)", "action_flag": 2, "change_message": "[{\"changed\": {\"fields\": [\"Image\"]}}]"}}, {"model": "admin.logentry", "pk": 311, "fields": {"action_time": "2021-02-14T17:09:36.722Z", "user": 1, "content_type": 32, "object_id": "6", "object_repr": "faculty object (6)", "action_flag": 2, "change_message": "[{\"changed\": {\"fields\": [\"Image\"]}}]"}}, {"model": "admin.logentry", "pk": 312, "fields": {"action_time": "2021-02-14T17:11:00.563Z", "user": 1, "content_type": 19, "object_id": "1", "object_repr": "caption", "action_flag": 2, "change_message": "[{\"changed\": {\"fields\": [\"Image\"]}}]"}}, {"model": "admin.logentry", "pk": 313, "fields": {"action_time": "2021-02-14T17:11:17.832Z", "user": 1, "content_type": 19, "object_id": "2", "object_repr": "caption", "action_flag": 2, "change_message": "[{\"changed\": {\"fields\": [\"Image\"]}}]"}}, {"model": "admin.logentry", "pk": 314, "fields": {"action_time": "2021-02-14T17:12:11.474Z", "user": 1, "content_type": 19, "object_id": "15", "object_repr": "caption", "action_flag": 3, "change_message": ""}}, {"model": "admin.logentry", "pk": 315, "fields": {"action_time": "2021-02-14T17:12:11.580Z", "user": 1, "content_type": 19, "object_id": "14", "object_repr": "caption", "action_flag": 3, "change_message": ""}}, {"model": "admin.logentry", "pk": 316, "fields": {"action_time": "2021-02-14T17:12:11.707Z", "user": 1, "content_type": 19, "object_id": "13", "object_repr": "caption", "action_flag": 3, "change_message": ""}}, {"model": "admin.logentry", "pk": 317, "fields": {"action_time": "2021-02-14T17:12:11.807Z", "user": 1, "content_type": 19, "object_id": "12", "object_repr": "caption", "action_flag": 3, "change_message": ""}}, {"model": "admin.logentry", "pk": 318, "fields": {"action_time": "2021-02-14T17:12:11.912Z", "user": 1, "content_type": 19, "object_id": "11", "object_repr": "caption", "action_flag": 3, "change_message": ""}}, {"model": "admin.logentry", "pk": 319, "fields": {"action_time": "2021-02-14T17:12:12.017Z", "user": 1, "content_type": 19, "object_id": "10", "object_repr": "caption", "action_flag": 3, "change_message": ""}}, {"model": "admin.logentry", "pk": 320, "fields": {"action_time": "2021-02-14T17:12:12.129Z", "user": 1, "content_type": 19, "object_id": "9", "object_repr": "caption", "action_flag": 3, "change_message": ""}}, {"model": "admin.logentry", "pk": 321, "fields": {"action_time": "2021-02-14T17:12:12.227Z", "user": 1, "content_type": 19, "object_id": "8", "object_repr": "caption", "action_flag": 3, "change_message": ""}}, {"model": "admin.logentry", "pk": 322, "fields": {"action_time": "2021-02-14T17:12:12.299Z", "user": 1, "content_type": 19, "object_id": "7", "object_repr": "caption", "action_flag": 3, "change_message": ""}}, {"model": "admin.logentry", "pk": 323, "fields": {"action_time": "2021-02-14T17:12:12.380Z", "user": 1, "content_type": 19, "object_id": "6", "object_repr": "caption", "action_flag": 3, "change_message": ""}}, {"model": "admin.logentry", "pk": 324, "fields": {"action_time": "2021-02-14T17:12:12.462Z", "user": 1, "content_type": 19, "object_id": "5", "object_repr": "caption", "action_flag": 3, "change_message": ""}}, {"model": "admin.logentry", "pk": 325, "fields": {"action_time": "2021-02-14T17:12:12.607Z", "user": 1, "content_type": 19, "object_id": "4", "object_repr": "caption", "action_flag": 3, "change_message": ""}}, {"model": "admin.logentry", "pk": 326, "fields": {"action_time": "2021-02-14T17:12:12.717Z", "user": 1, "content_type": 19, "object_id": "3", "object_repr": "caption", "action_flag": 3, "change_message": ""}}, {"model": "admin.logentry", "pk": 327, "fields": {"action_time": "2021-02-14T17:12:12.829Z", "user": 1, "content_type": 19, "object_id": "2", "object_repr": "caption", "action_flag": 3, "change_message": ""}}, {"model": "admin.logentry", "pk": 328, "fields": {"action_time": "2021-02-14T17:12:12.914Z", "user": 1, "content_type": 19, "object_id": "1", "object_repr": "caption", "action_flag": 3, "change_message": ""}}, {"model": "admin.logentry", "pk": 329, "fields": {"action_time": "2021-02-14T17:13:54.128Z", "user": 1, "content_type": 19, "object_id": "16", "object_repr": "c", "action_flag": 1, "change_message": "[{\"added\": {}}]"}}, {"model": "admin.logentry", "pk": 330, "fields": {"action_time": "2021-02-14T17:14:07.442Z", "user": 1, "content_type": 19, "object_id": "17", "object_repr": "c", "action_flag": 1, "change_message": "[{\"added\": {}}]"}}, {"model": "admin.logentry", "pk": 331, "fields": {"action_time": "2021-02-14T17:14:21.176Z", "user": 1, "content_type": 19, "object_id": "18", "object_repr": "c", "action_flag": 1, "change_message": "[{\"added\": {}}]"}}, {"model": "admin.logentry", "pk": 332, "fields": {"action_time": "2021-02-14T17:14:34.618Z", "user": 1, "content_type": 19, "object_id": "19", "object_repr": "c", "action_flag": 1, "change_message": "[{\"added\": {}}]"}}, {"model": "admin.logentry", "pk": 333, "fields": {"action_time": "2021-02-14T17:15:03.378Z", "user": 1, "content_type": 19, "object_id": "20", "object_repr": "c", "action_flag": 1, "change_message": "[{\"added\": {}}]"}}, {"model": "admin.logentry", "pk": 334, "fields": {"action_time": "2021-02-14T17:15:23.901Z", "user": 1, "content_type": 19, "object_id": "21", "object_repr": "c", "action_flag": 1, "change_message": "[{\"added\": {}}]"}}, {"model": "admin.logentry", "pk": 335, "fields": {"action_time": "2021-02-14T17:15:35.427Z", "user": 1, "content_type": 19, "object_id": "22", "object_repr": "c", "action_flag": 1, "change_message": "[{\"added\": {}}]"}}, {"model": "admin.logentry", "pk": 336, "fields": {"action_time": "2021-02-14T17:15:49.233Z", "user": 1, "content_type": 19, "object_id": "23", "object_repr": "c", "action_flag": 1, "change_message": "[{\"added\": {}}]"}}, {"model": "admin.logentry", "pk": 337, "fields": {"action_time": "2021-02-14T17:16:03.630Z", "user": 1, "content_type": 19, "object_id": "24", "object_repr": "c", "action_flag": 1, "change_message": "[{\"added\": {}}]"}}, {"model": "admin.logentry", "pk": 338, "fields": {"action_time": "2021-02-14T17:16:18.305Z", "user": 1, "content_type": 19, "object_id": "25", "object_repr": "c", "action_flag": 1, "change_message": "[{\"added\": {}}]"}}, {"model": "admin.logentry", "pk": 339, "fields": {"action_time": "2021-02-14T17:16:33.609Z", "user": 1, "content_type": 19, "object_id": "26", "object_repr": "c", "action_flag": 1, "change_message": "[{\"added\": {}}]"}}, {"model": "admin.logentry", "pk": 340, "fields": {"action_time": "2021-02-14T17:16:49.336Z", "user": 1, "content_type": 19, "object_id": "27", "object_repr": "c", "action_flag": 1, "change_message": "[{\"added\": {}}]"}}, {"model": "admin.logentry", "pk": 341, "fields": {"action_time": "2021-02-14T17:17:06.697Z", "user": 1, "content_type": 19, "object_id": "28", "object_repr": "c", "action_flag": 1, "change_message": "[{\"added\": {}}]"}}, {"model": "admin.logentry", "pk": 342, "fields": {"action_time": "2021-02-14T17:18:02.360Z", "user": 1, "content_type": 19, "object_id": "29", "object_repr": "c", "action_flag": 1, "change_message": "[{\"added\": {}}]"}}, {"model": "admin.logentry", "pk": 343, "fields": {"action_time": "2021-02-14T17:18:11.310Z", "user": 1, "content_type": 19, "object_id": "30", "object_repr": "c", "action_flag": 1, "change_message": "[{\"added\": {}}]"}}, {"model": "admin.logentry", "pk": 344, "fields": {"action_time": "2021-02-14T17:18:22.836Z", "user": 1, "content_type": 19, "object_id": "31", "object_repr": "c", "action_flag": 1, "change_message": "[{\"added\": {}}]"}}, {"model": "admin.logentry", "pk": 345, "fields": {"action_time": "2021-02-14T17:19:21.511Z", "user": 1, "content_type": 19, "object_id": "32", "object_repr": "c", "action_flag": 1, "change_message": "[{\"added\": {}}]"}}, {"model": "admin.logentry", "pk": 346, "fields": {"action_time": "2021-02-14T17:20:13.932Z", "user": 1, "content_type": 19, "object_id": "33", "object_repr": "c", "action_flag": 1, "change_message": "[{\"added\": {}}]"}}, {"model": "admin.logentry", "pk": 347, "fields": {"action_time": "2021-02-14T17:23:20.466Z", "user": 1, "content_type": 19, "object_id": "34", "object_repr": "c", "action_flag": 1, "change_message": "[{\"added\": {}}]"}}, {"model": "admin.logentry", "pk": 348, "fields": {"action_time": "2021-02-14T17:23:48.426Z", "user": 1, "content_type": 19, "object_id": "35", "object_repr": "c", "action_flag": 1, "change_message": "[{\"added\": {}}]"}}, {"model": "admin.logentry", "pk": 349, "fields": {"action_time": "2021-02-14T17:24:09.035Z", "user": 1, "content_type": 19, "object_id": "36", "object_repr": "c", "action_flag": 1, "change_message": "[{\"added\": {}}]"}}, {"model": "admin.logentry", "pk": 350, "fields": {"action_time": "2021-02-14T17:26:52.526Z", "user": 1, "content_type": 20, "object_id": "1", "object_repr": "homeSlider object (1)", "action_flag": 2, "change_message": "[{\"changed\": {\"fields\": [\"Image\"]}}]"}}, {"model": "admin.logentry", "pk": 351, "fields": {"action_time": "2021-02-14T17:28:02.906Z", "user": 1, "content_type": 20, "object_id": "2", "object_repr": "homeSlider object (2)", "action_flag": 2, "change_message": "[{\"changed\": {\"fields\": [\"Image\"]}}]"}}, {"model": "admin.logentry", "pk": 352, "fields": {"action_time": "2021-02-14T17:28:36.199Z", "user": 1, "content_type": 20, "object_id": "3", "object_repr": "homeSlider object (3)", "action_flag": 2, "change_message": "[{\"changed\": {\"fields\": [\"Image\"]}}]"}}, {"model": "admin.logentry", "pk": 353, "fields": {"action_time": "2021-02-14T17:28:49.649Z", "user": 1, "content_type": 20, "object_id": "4", "object_repr": "homeSlider object (4)", "action_flag": 2, "change_message": "[{\"changed\": {\"fields\": [\"Image\"]}}]"}}, {"model": "admin.logentry", "pk": 354, "fields": {"action_time": "2021-02-14T17:29:01.446Z", "user": 1, "content_type": 20, "object_id": "6", "object_repr": "homeSlider object (6)", "action_flag": 2, "change_message": "[{\"changed\": {\"fields\": [\"Image\"]}}]"}}, {"model": "admin.logentry", "pk": 355, "fields": {"action_time": "2021-02-14T17:29:20.077Z", "user": 1, "content_type": 20, "object_id": "7", "object_repr": "homeSlider object (7)", "action_flag": 1, "change_message": "[{\"added\": {}}]"}}, {"model": "admin.logentry", "pk": 356, "fields": {"action_time": "2021-02-14T17:29:36.021Z", "user": 1, "content_type": 20, "object_id": "8", "object_repr": "homeSlider object (8)", "action_flag": 1, "change_message": "[{\"added\": {}}]"}}, {"model": "admin.logentry", "pk": 357, "fields": {"action_time": "2021-02-14T17:30:43.247Z", "user": 1, "content_type": 18, "object_id": "1", "object_repr": "Partnership with UCAM Universidad Cat\u00f3lica San Antonio de Murcia", "action_flag": 2, "change_message": "[{\"changed\": {\"fields\": [\"Image\"]}}]"}}, {"model": "admin.logentry", "pk": 358, "fields": {"action_time": "2021-02-14T17:30:53.506Z", "user": 1, "content_type": 18, "object_id": "2", "object_repr": "GRADUATION MARCH 2014 - SCHLOSS HERNSTEIN (AUSTRIA", "action_flag": 2, "change_message": "[{\"changed\": {\"fields\": [\"Image\"]}}]"}}, {"model": "admin.logentry", "pk": 359, "fields": {"action_time": "2021-02-14T17:33:57.661Z", "user": 1, "content_type": 18, "object_id": "3", "object_repr": "(2) Mr. Zhiri James Gana, Ambassador of Republic of Nigeria at Mexico City, Excmo., Extraordinario y Plenipotenciario Embajador de la Rep\u00fablica de Nigeria", "action_flag": 2, "change_message": "[{\"changed\": {\"fields\": [\"Image\"]}}]"}}, {"model": "admin.logentry", "pk": 360, "fields": {"action_time": "2021-02-14T17:34:14.146Z", "user": 1, "content_type": 18, "object_id": "4", "object_repr": "Class 2014 at graduacion en Hernstein del Branch Campus Leobersdorf (emca) de UA 2", "action_flag": 2, "change_message": "[{\"changed\": {\"fields\": [\"Image\"]}}]"}}, {"model": "admin.logentry", "pk": 361, "fields": {"action_time": "2021-02-14T17:34:25.454Z", "user": 1, "content_type": 18, "object_id": "5", "object_repr": "Honoris Causa4", "action_flag": 2, "change_message": "[{\"changed\": {\"fields\": [\"Image\"]}}]"}}, {"model": "admin.logentry", "pk": 362, "fields": {"action_time": "2021-02-14T17:36:14.371Z", "user": 1, "content_type": 18, "object_id": "6", "object_repr": "(2) Premio al Excmo. Sr. Sameeh Essa Johar Hayat Embajador de Kuwait en M\u00e9xico por parte de LA   ACADEMIA   NACIONAL Y SOBRE LA GRAN ORDEN DE LA REFORMA", "action_flag": 1, "change_message": "[{\"added\": {}}]"}}, {"model": "admin.logentry", "pk": 363, "fields": {"action_time": "2021-02-14T17:36:59.643Z", "user": 1, "content_type": 18, "object_id": "7", "object_repr": "Nat students1", "action_flag": 1, "change_message": "[{\"added\": {}}]"}}, {"model": "admin.logentry", "pk": 364, "fields": {"action_time": "2021-02-14T17:38:22.466Z", "user": 1, "content_type": 18, "object_id": "8", "object_repr": "Cooperation Agreement UCAM Spain", "action_flag": 1, "change_message": "[{\"added\": {}}]"}}, {"model": "admin.logentry", "pk": 365, "fields": {"action_time": "2021-02-14T17:39:49.269Z", "user": 1, "content_type": 31, "object_id": "1", "object_repr": "testimonials object (1)", "action_flag": 2, "change_message": "[{\"changed\": {\"fields\": [\"Image\"]}}]"}}, {"model": "admin.logentry", "pk": 366, "fields": {"action_time": "2021-02-14T17:40:02.391Z", "user": 1, "content_type": 31, "object_id": "2", "object_repr": "testimonials object (2)", "action_flag": 2, "change_message": "[{\"changed\": {\"fields\": [\"Image\"]}}]"}}, {"model": "admin.logentry", "pk": 367, "fields": {"action_time": "2021-02-14T17:40:14.209Z", "user": 1, "content_type": 31, "object_id": "3", "object_repr": "testimonials object (3)", "action_flag": 2, "change_message": "[{\"changed\": {\"fields\": [\"Image\"]}}]"}}, {"model": "admin.logentry", "pk": 368, "fields": {"action_time": "2021-02-14T17:40:27.665Z", "user": 1, "content_type": 31, "object_id": "4", "object_repr": "testimonials object (4)", "action_flag": 2, "change_message": "[{\"changed\": {\"fields\": [\"Image\"]}}]"}}, {"model": "admin.logentry", "pk": 369, "fields": {"action_time": "2021-02-14T17:40:40.781Z", "user": 1, "content_type": 31, "object_id": "5", "object_repr": "testimonials object (5)", "action_flag": 2, "change_message": "[{\"changed\": {\"fields\": [\"Image\"]}}]"}}, {"model": "admin.logentry", "pk": 370, "fields": {"action_time": "2021-02-14T17:45:36.758Z", "user": 1, "content_type": 45, "object_id": "1", "object_repr": "Undergraduate Programs", "action_flag": 2, "change_message": "[{\"changed\": {\"fields\": [\"Image\"]}}]"}}, {"model": "admin.logentry", "pk": 371, "fields": {"action_time": "2021-02-14T17:45:59.719Z", "user": 1, "content_type": 45, "object_id": "2", "object_repr": "GRADUATE ADMISSIONS", "action_flag": 2, "change_message": "[{\"changed\": {\"fields\": [\"Image\"]}}]"}}, {"model": "admin.logentry", "pk": 372, "fields": {"action_time": "2021-02-14T17:46:24.026Z", "user": 1, "content_type": 45, "object_id": "3", "object_repr": "MANDATORY GRADUATE DEGREE CANDIDATE INTERVIEW", "action_flag": 2, "change_message": "[{\"changed\": {\"fields\": [\"Image\"]}}]"}}, {"model": "admin.logentry", "pk": 373, "fields": {"action_time": "2021-02-14T17:47:06.486Z", "user": 1, "content_type": 43, "object_id": "1", "object_repr": "nonDiscriminationPolicy object (1)", "action_flag": 2, "change_message": "[{\"changed\": {\"fields\": [\"Image\"]}}]"}}, {"model": "admin.logentry", "pk": 374, "fields": {"action_time": "2021-02-14T17:48:07.718Z", "user": 1, "content_type": 43, "object_id": "2", "object_repr": "nonDiscriminationPolicy object (2)", "action_flag": 2, "change_message": "[{\"changed\": {\"fields\": [\"Image\"]}}]"}}, {"model": "admin.logentry", "pk": 375, "fields": {"action_time": "2021-02-14T17:48:26.599Z", "user": 1, "content_type": 43, "object_id": "3", "object_repr": "nonDiscriminationPolicy object (3)", "action_flag": 2, "change_message": "[{\"changed\": {\"fields\": [\"Image\"]}}]"}}, {"model": "admin.logentry", "pk": 376, "fields": {"action_time": "2021-02-14T18:30:52.565Z", "user": 1, "content_type": 8, "object_id": "4", "object_repr": "Doctoral Degree", "action_flag": 2, "change_message": "[{\"changed\": {\"fields\": [\"Priority\"]}}]"}}, {"model": "admin.logentry", "pk": 377, "fields": {"action_time": "2021-02-14T18:31:00.856Z", "user": 1, "content_type": 8, "object_id": "3", "object_repr": "Master's Degree", "action_flag": 2, "change_message": "[{\"changed\": {\"fields\": [\"Priority\"]}}]"}}, {"model": "admin.logentry", "pk": 378, "fields": {"action_time": "2021-02-14T18:31:08.350Z", "user": 1, "content_type": 8, "object_id": "2", "object_repr": "Bachelor's Degree", "action_flag": 2, "change_message": "[{\"changed\": {\"fields\": [\"Priority\"]}}]"}}, {"model": "admin.logentry", "pk": 379, "fields": {"action_time": "2021-02-14T18:31:16.941Z", "user": 1, "content_type": 8, "object_id": "1", "object_repr": "Post Doctoral Degree", "action_flag": 2, "change_message": "[{\"changed\": {\"fields\": [\"Priority\"]}}]"}}, {"model": "admin.logentry", "pk": 380, "fields": {"action_time": "2021-02-15T14:49:02.571Z", "user": 1, "content_type": 8, "object_id": "5", "object_repr": "Diploma", "action_flag": 1, "change_message": "[{\"added\": {}}]"}}, {"model": "admin.logentry", "pk": 381, "fields": {"action_time": "2021-02-15T14:50:30.938Z", "user": 1, "content_type": 20, "object_id": "3", "object_repr": "homeSlider object (3)", "action_flag": 3, "change_message": ""}}, {"model": "admin.logentry", "pk": 382, "fields": {"action_time": "2021-02-15T14:52:48.283Z", "user": 1, "content_type": 20, "object_id": "2", "object_repr": "homeSlider object (2)", "action_flag": 2, "change_message": "[{\"changed\": {\"fields\": [\"Image\"]}}]"}}, {"model": "admin.logentry", "pk": 383, "fields": {"action_time": "2021-02-15T14:54:56.974Z", "user": 1, "content_type": 20, "object_id": "7", "object_repr": "homeSlider object (7)", "action_flag": 2, "change_message": "[{\"changed\": {\"fields\": [\"Image\"]}}]"}}, {"model": "admin.logentry", "pk": 384, "fields": {"action_time": "2021-02-15T14:56:26.477Z", "user": 1, "content_type": 20, "object_id": "7", "object_repr": "homeSlider object (7)", "action_flag": 2, "change_message": "[{\"changed\": {\"fields\": [\"Image\"]}}]"}}, {"model": "admin.logentry", "pk": 385, "fields": {"action_time": "2021-02-15T14:56:53.653Z", "user": 1, "content_type": 20, "object_id": "7", "object_repr": "homeSlider object (7)", "action_flag": 3, "change_message": ""}}, {"model": "admin.logentry", "pk": 386, "fields": {"action_time": "2021-02-15T14:57:52.034Z", "user": 1, "content_type": 13, "object_id": "66", "object_repr": "Doctor of Philosophy (PhD) in Computer Science and Engineering", "action_flag": 2, "change_message": "[{\"changed\": {\"fields\": [\"Name\"]}}]"}}, {"model": "admin.logentry", "pk": 387, "fields": {"action_time": "2021-02-15T14:58:28.951Z", "user": 1, "content_type": 13, "object_id": "67", "object_repr": "Doctor of Philosophy (PhD) in Information Communication Technology", "action_flag": 2, "change_message": "[{\"changed\": {\"fields\": [\"Name\"]}}]"}}, {"model": "admin.logentry", "pk": 388, "fields": {"action_time": "2021-02-15T17:05:02.419Z", "user": 1, "content_type": 13, "object_id": "64", "object_repr": "Doctor of Philosophy, (PhD) in Computer Sciences", "action_flag": 3, "change_message": ""}}, {"model": "admin.logentry", "pk": 389, "fields": {"action_time": "2021-02-15T17:05:18.737Z", "user": 1, "content_type": 31, "object_id": "1", "object_repr": "testimonials object (1)", "action_flag": 2, "change_message": "[]"}}, {"model": "admin.logentry", "pk": 390, "fields": {"action_time": "2021-02-15T17:05:25.198Z", "user": 1, "content_type": 31, "object_id": "2", "object_repr": "testimonials object (2)", "action_flag": 2, "change_message": "[]"}}, {"model": "admin.logentry", "pk": 391, "fields": {"action_time": "2021-02-15T17:05:31.779Z", "user": 1, "content_type": 31, "object_id": "3", "object_repr": "testimonials object (3)", "action_flag": 2, "change_message": "[]"}}, {"model": "admin.logentry", "pk": 392, "fields": {"action_time": "2021-02-15T17:05:38.557Z", "user": 1, "content_type": 31, "object_id": "4", "object_repr": "testimonials object (4)", "action_flag": 2, "change_message": "[]"}}, {"model": "admin.logentry", "pk": 393, "fields": {"action_time": "2021-03-01T18:09:29.720Z", "user": 1, "content_type": 20, "object_id": "2", "object_repr": "homeSlider object (2)", "action_flag": 2, "change_message": "[{\"changed\": {\"fields\": [\"Image\"]}}]"}}, {"model": "admin.logentry", "pk": 394, "fields": {"action_time": "2021-03-01T18:09:42.258Z", "user": 1, "content_type": 20, "object_id": "8", "object_repr": "homeSlider object (8)", "action_flag": 3, "change_message": ""}}, {"model": "admin.logentry", "pk": 395, "fields": {"action_time": "2021-03-01T18:09:42.368Z", "user": 1, "content_type": 20, "object_id": "6", "object_repr": "homeSlider object (6)", "action_flag": 3, "change_message": ""}}, {"model": "admin.logentry", "pk": 396, "fields": {"action_time": "2021-03-01T18:09:42.468Z", "user": 1, "content_type": 20, "object_id": "4", "object_repr": "homeSlider object (4)", "action_flag": 3, "change_message": ""}}, {"model": "admin.logentry", "pk": 397, "fields": {"action_time": "2021-03-01T18:09:52.958Z", "user": 1, "content_type": 20, "object_id": "9", "object_repr": "homeSlider object (9)", "action_flag": 1, "change_message": "[{\"added\": {}}]"}}, {"model": "admin.logentry", "pk": 398, "fields": {"action_time": "2021-03-01T18:10:00.948Z", "user": 1, "content_type": 20, "object_id": "10", "object_repr": "homeSlider object (10)", "action_flag": 1, "change_message": "[{\"added\": {}}]"}}, {"model": "admin.logentry", "pk": 399, "fields": {"action_time": "2021-03-01T18:12:56.195Z", "user": 1, "content_type": 20, "object_id": "1", "object_repr": "homeSlider object (1)", "action_flag": 3, "change_message": ""}}, {"model": "admin.logentry", "pk": 400, "fields": {"action_time": "2021-03-01T18:13:51.287Z", "user": 1, "content_type": 20, "object_id": "11", "object_repr": "homeSlider object (11)", "action_flag": 1, "change_message": "[{\"added\": {}}]"}}, {"model": "admin.logentry", "pk": 401, "fields": {"action_time": "2021-03-01T18:14:11.481Z", "user": 1, "content_type": 20, "object_id": "12", "object_repr": "homeSlider object (12)", "action_flag": 1, "change_message": "[{\"added\": {}}]"}}, {"model": "admin.logentry", "pk": 402, "fields": {"action_time": "2021-03-01T18:16:51.061Z", "user": 1, "content_type": 20, "object_id": "13", "object_repr": "homeSlider object (13)", "action_flag": 1, "change_message": "[{\"added\": {}}]"}}, {"model": "admin.logentry", "pk": 403, "fields": {"action_time": "2021-03-01T18:17:01.577Z", "user": 1, "content_type": 20, "object_id": "14", "object_repr": "homeSlider object (14)", "action_flag": 1, "change_message": "[{\"added\": {}}]"}}, {"model": "admin.logentry", "pk": 404, "fields": {"action_time": "2021-03-01T18:17:27.651Z", "user": 1, "content_type": 20, "object_id": "15", "object_repr": "homeSlider object (15)", "action_flag": 1, "change_message": "[{\"added\": {}}]"}}, {"model": "admin.logentry", "pk": 405, "fields": {"action_time": "2021-03-01T18:18:40.194Z", "user": 1, "content_type": 20, "object_id": "13", "object_repr": "homeSlider object (13)", "action_flag": 3, "change_message": ""}}, {"model": "admin.logentry", "pk": 406, "fields": {"action_time": "2021-03-01T18:19:14.707Z", "user": 1, "content_type": 20, "object_id": "16", "object_repr": "homeSlider object (16)", "action_flag": 1, "change_message": "[{\"added\": {}}]"}}, {"model": "admin.logentry", "pk": 407, "fields": {"action_time": "2021-03-01T18:19:22.105Z", "user": 1, "content_type": 20, "object_id": "17", "object_repr": "homeSlider object (17)", "action_flag": 1, "change_message": "[{\"added\": {}}]"}}, {"model": "admin.logentry", "pk": 408, "fields": {"action_time": "2021-03-01T18:19:28.695Z", "user": 1, "content_type": 20, "object_id": "18", "object_repr": "homeSlider object (18)", "action_flag": 1, "change_message": "[{\"added\": {}}]"}}, {"model": "admin.logentry", "pk": 409, "fields": {"action_time": "2021-03-01T18:19:35.734Z", "user": 1, "content_type": 20, "object_id": "19", "object_repr": "homeSlider object (19)", "action_flag": 1, "change_message": "[{\"added\": {}}]"}}, {"model": "admin.logentry", "pk": 410, "fields": {"action_time": "2021-03-02T13:42:21.901Z", "user": 1, "content_type": 34, "object_id": "4", "object_repr": "EUROPEAN PROGRAMS", "action_flag": 2, "change_message": "[{\"changed\": {\"fields\": [\"Title\", \"Hyperlink\"]}}]"}}, {"model": "admin.logentry", "pk": 411, "fields": {"action_time": "2021-03-02T13:42:50.999Z", "user": 1, "content_type": 34, "object_id": "5", "object_repr": "PROGRAMAS CON RVOE M", "action_flag": 2, "change_message": "[{\"changed\": {\"fields\": [\"Title\", \"Hyperlink\"]}}]"}}, {"model": "admin.logentry", "pk": 412, "fields": {"action_time": "2021-03-02T13:44:11.235Z", "user": 1, "content_type": 34, "object_id": "6", "object_repr": "GRADOS PROPIOS EN ESPA\u00d1OL", "action_flag": 2, "change_message": "[{\"changed\": {\"fields\": [\"Title\", \"Hyperlink\"]}}]"}}, {"model": "admin.logentry", "pk": 413, "fields": {"action_time": "2021-03-02T13:48:39.857Z", "user": 1, "content_type": 34, "object_id": "1", "object_repr": "Check your E-mail", "action_flag": 2, "change_message": "[{\"changed\": {\"fields\": [\"Title\", \"Hyperlink\"]}}]"}}, {"model": "admin.logentry", "pk": 414, "fields": {"action_time": "2021-03-02T14:28:08.107Z", "user": 1, "content_type": 48, "object_id": "1", "object_repr": "Advantage of Having a Masters Degree", "action_flag": 1, "change_message": "[{\"added\": {}}]"}}, {"model": "admin.logentry", "pk": 415, "fields": {"action_time": "2021-03-02T14:28:36.818Z", "user": 1, "content_type": 48, "object_id": "2", "object_repr": "Advantage of Having a Doctoral Degree", "action_flag": 1, "change_message": "[{\"added\": {}}]"}}, {"model": "admin.logentry", "pk": 416, "fields": {"action_time": "2021-03-02T14:29:14.385Z", "user": 1, "content_type": 48, "object_id": "3", "object_repr": "Why with us?", "action_flag": 1, "change_message": "[{\"added\": {}}]"}}, {"model": "admin.logentry", "pk": 417, "fields": {"action_time": "2021-03-02T14:29:29.100Z", "user": 1, "content_type": 48, "object_id": "4", "object_repr": "Azteca facts", "action_flag": 1, "change_message": "[{\"added\": {}}]"}}, {"model": "admin.logentry", "pk": 418, "fields": {"action_time": "2021-03-02T14:31:40.316Z", "user": 1, "content_type": 47, "object_id": "1", "object_repr": "Degree can be fully certified by Ministry of Foreign Affairs.", "action_flag": 1, "change_message": "[{\"added\": {}}]"}}, {"model": "admin.logentry", "pk": 419, "fields": {"action_time": "2021-03-02T14:31:50.126Z", "user": 1, "content_type": 47, "object_id": "2", "object_repr": "Universidad Azteca is a nationally recognized university by National Ministry of Education.", "action_flag": 1, "change_message": "[{\"added\": {}}]"}}, {"model": "admin.logentry", "pk": 420, "fields": {"action_time": "2021-03-02T14:32:00.862Z", "user": 1, "content_type": 47, "object_id": "3", "object_repr": "More than 10,000 Students On campus.", "action_flag": 1, "change_message": "[{\"added\": {}}]"}}, {"model": "admin.logentry", "pk": 421, "fields": {"action_time": "2021-03-02T14:32:15.186Z", "user": 1, "content_type": 47, "object_id": "4", "object_repr": "Fully Accredited by TRACCERT, Training Accreditation & Certification Organization Canada. a member of AAAC Association of Accrediting Agencies of Canada and a registered Accreditation and Certificatio", "action_flag": 1, "change_message": "[{\"added\": {}}]"}}, {"model": "admin.logentry", "pk": 422, "fields": {"action_time": "2021-03-02T14:32:26.351Z", "user": 1, "content_type": 47, "object_id": "5", "object_repr": "Azteca University is Certified ISO 9001:2015 and ISO 29990:2010.", "action_flag": 1, "change_message": "[{\"added\": {}}]"}}, {"model": "admin.logentry", "pk": 423, "fields": {"action_time": "2021-03-02T14:32:39.109Z", "user": 1, "content_type": 47, "object_id": "6", "object_repr": "Our internationally reputed faculty of professors and researchers.", "action_flag": 1, "change_message": "[{\"added\": {}}]"}}, {"model": "admin.logentry", "pk": 424, "fields": {"action_time": "2021-03-02T14:32:46.351Z", "user": 1, "content_type": 47, "object_id": "7", "object_repr": "Azteca University is listed at IAU- UNESCO the United Nations Educational, Scientific and Cultural Organization directory.", "action_flag": 1, "change_message": "[{\"added\": {}}]"}}, {"model": "admin.logentry", "pk": 425, "fields": {"action_time": "2021-03-02T14:32:56.732Z", "user": 1, "content_type": 47, "object_id": "8", "object_repr": "Azteca University Degrees can be Legalized with Apostille or Embassies Attestations.", "action_flag": 1, "change_message": "[{\"added\": {}}]"}}, {"model": "admin.logentry", "pk": 426, "fields": {"action_time": "2021-03-02T14:33:05.084Z", "user": 1, "content_type": 47, "object_id": "9", "object_repr": "Decades of experience in international higher education.", "action_flag": 1, "change_message": "[{\"added\": {}}]"}}, {"model": "admin.logentry", "pk": 427, "fields": {"action_time": "2021-03-02T14:33:13.684Z", "user": 1, "content_type": 47, "object_id": "10", "object_repr": "Support for thisrd party verifications, continuing education or employment purposes.", "action_flag": 1, "change_message": "[{\"added\": {}}]"}}, {"model": "admin.logentry", "pk": 428, "fields": {"action_time": "2021-03-02T14:33:21.252Z", "user": 1, "content_type": 47, "object_id": "11", "object_repr": "Azteca University Degree can be receive the Canadian Accrediting Agency Certification (Digital at the Agency Portal and Hard Copy)", "action_flag": 1, "change_message": "[{\"added\": {}}]"}}, {"model": "admin.logentry", "pk": 429, "fields": {"action_time": "2021-03-02T14:33:32.322Z", "user": 1, "content_type": 47, "object_id": "12", "object_repr": "Immigration support to Canada.", "action_flag": 1, "change_message": "[{\"added\": {}}]"}}, {"model": "admin.logentry", "pk": 430, "fields": {"action_time": "2021-03-02T14:33:40.428Z", "user": 1, "content_type": 47, "object_id": "13", "object_repr": "Innovative educational system.", "action_flag": 1, "change_message": "[{\"added\": {}}]"}}, {"model": "admin.logentry", "pk": 431, "fields": {"action_time": "2021-03-02T14:33:46.638Z", "user": 1, "content_type": 47, "object_id": "14", "object_repr": "World class research and curriculums.", "action_flag": 1, "change_message": "[{\"added\": {}}]"}}, {"model": "admin.logentry", "pk": 432, "fields": {"action_time": "2021-03-02T14:33:55.332Z", "user": 1, "content_type": 47, "object_id": "15", "object_repr": "The benefits of Research Off-Campus programs.", "action_flag": 1, "change_message": "[{\"added\": {}}]"}}, {"model": "admin.logentry", "pk": 433, "fields": {"action_time": "2021-03-02T14:34:02.784Z", "user": 1, "content_type": 47, "object_id": "16", "object_repr": "International Networking in USA, Canada, Europe, Latin America, Africa, Asia, and Middle East.", "action_flag": 1, "change_message": "[{\"added\": {}}]"}}, {"model": "admin.logentry", "pk": 434, "fields": {"action_time": "2021-03-02T14:34:12.610Z", "user": 1, "content_type": 47, "object_id": "17", "object_repr": "Graduated Students can participate at Official Graduations at Campus", "action_flag": 1, "change_message": "[{\"added\": {}}]"}}, {"model": "admin.logentry", "pk": 435, "fields": {"action_time": "2021-03-02T14:34:40.962Z", "user": 1, "content_type": 47, "object_id": "18", "object_repr": "We are focused on the individual self, offering each student a life plan that allows discovering the inner potential positively, allowing to find the right path, giving meaning to their lives and cond", "action_flag": 1, "change_message": "[{\"added\": {}}]"}}, {"model": "admin.logentry", "pk": 436, "fields": {"action_time": "2021-03-02T14:34:44.453Z", "user": 1, "content_type": 47, "object_id": "19", "object_repr": "Using learning networks and advanced information technologies, the University offers graduate academic programs; continuing education programs.", "action_flag": 1, "change_message": "[{\"added\": {}}]"}}, {"model": "admin.logentry", "pk": 437, "fields": {"action_time": "2021-03-02T14:35:06.078Z", "user": 1, "content_type": 47, "object_id": "20", "object_repr": "Universidad Azteca is a multi-campus university system of national and international representatives. The coverage of Universidad Azteca\u00b4s International Liaison extends to various regions worldwide.", "action_flag": 1, "change_message": "[{\"added\": {}}]"}}, {"model": "admin.logentry", "pk": 438, "fields": {"action_time": "2021-03-02T14:35:16.929Z", "user": 1, "content_type": 47, "object_id": "21", "object_repr": "As a dynamic university, we strive to offer,through effective teaching, quality education founded on the idea that one\u2019s intellectual and personal development go hand in hand, complementing and fulfil", "action_flag": 1, "change_message": "[{\"added\": {}}]"}}, {"model": "admin.logentry", "pk": 439, "fields": {"action_time": "2021-03-02T14:35:27.583Z", "user": 1, "content_type": 47, "object_id": "22", "object_repr": "Inter-University Programs also aim at preparing students for informed service and progressive leadership in their communities and to fulfilling the immediate and final goals of their lives.", "action_flag": 1, "change_message": "[{\"added\": {}}]"}}, {"model": "admin.logentry", "pk": 440, "fields": {"action_time": "2021-03-02T14:36:32.419Z", "user": 1, "content_type": 47, "object_id": "23", "object_repr": "Development of social skills (communication, presentation).", "action_flag": 1, "change_message": "[{\"added\": {}}]"}}, {"model": "admin.logentry", "pk": 441, "fields": {"action_time": "2021-03-02T14:36:40.410Z", "user": 1, "content_type": 47, "object_id": "24", "object_repr": "Accessing professional networks and building personal, relationships and social recognition.", "action_flag": 1, "change_message": "[{\"added\": {}}]"}}, {"model": "admin.logentry", "pk": 442, "fields": {"action_time": "2021-03-02T14:37:35.426Z", "user": 1, "content_type": 47, "object_id": "25", "object_repr": "In some social circles, a PhD is considered as an advantage; let\u2019s say as social status, highlighting personal development, such as maturity and independence.", "action_flag": 1, "change_message": "[{\"added\": {}}]"}}, {"model": "admin.logentry", "pk": 443, "fields": {"action_time": "2021-03-02T14:37:44.720Z", "user": 1, "content_type": 47, "object_id": "26", "object_repr": "A Master and Doctoral Degrees might allow you to be your own boss. You can have your own business and run your own research program.", "action_flag": 1, "change_message": "[{\"added\": {}}]"}}, {"model": "admin.logentry", "pk": 444, "fields": {"action_time": "2021-03-02T14:37:52.762Z", "user": 1, "content_type": 47, "object_id": "27", "object_repr": "You can write grants based on your ideas and submit them to national funding agencies", "action_flag": 1, "change_message": "[{\"added\": {}}]"}}, {"model": "admin.logentry", "pk": 445, "fields": {"action_time": "2021-03-02T14:38:01.469Z", "user": 1, "content_type": 47, "object_id": "28", "object_repr": "Public benefits of attending college include increased tax revenues, greater workplace productivity, increased consumption, increased workforce flexibility, and decreased reliance on government financ", "action_flag": 1, "change_message": "[{\"added\": {}}]"}}, {"model": "admin.logentry", "pk": 446, "fields": {"action_time": "2021-03-02T14:38:12.928Z", "user": 1, "content_type": 47, "object_id": "29", "object_repr": "You can travel to scientific meetings all over the world to present your results.", "action_flag": 1, "change_message": "[{\"added\": {}}]"}}, {"model": "admin.logentry", "pk": 447, "fields": {"action_time": "2021-03-02T14:38:28.619Z", "user": 1, "content_type": 47, "object_id": "30", "object_repr": "You can be the main author on papers that appear in prestigious journals.", "action_flag": 1, "change_message": "[{\"added\": {}}]"}}, {"model": "admin.logentry", "pk": 448, "fields": {"action_time": "2021-03-02T14:38:37.063Z", "user": 1, "content_type": 47, "object_id": "31", "object_repr": "You can teach and train students at the undergraduate and graduate level and postdoctoral fellows.", "action_flag": 1, "change_message": "[{\"added\": {}}]"}}, {"model": "admin.logentry", "pk": 449, "fields": {"action_time": "2021-03-02T14:38:52.645Z", "user": 1, "content_type": 47, "object_id": "32", "object_repr": "You have the opportunity to travel both nationally and internationally to attend meetings, present your research, and collaborate with other scholars.", "action_flag": 1, "change_message": "[{\"added\": {}}]"}}, {"model": "admin.logentry", "pk": 450, "fields": {"action_time": "2021-03-02T14:39:18.213Z", "user": 1, "content_type": 47, "object_id": "33", "object_repr": "Increased Job Potential", "action_flag": 1, "change_message": "[{\"added\": {}}]"}}, {"model": "admin.logentry", "pk": 451, "fields": {"action_time": "2021-03-02T14:39:30.771Z", "user": 1, "content_type": 47, "object_id": "34", "object_repr": "Credibility", "action_flag": 1, "change_message": "[{\"added\": {}}]"}}, {"model": "admin.logentry", "pk": 452, "fields": {"action_time": "2021-03-02T14:39:46.421Z", "user": 1, "content_type": 47, "object_id": "35", "object_repr": "Quality of Life Promotability", "action_flag": 1, "change_message": "[{\"added\": {}}]"}}, {"model": "admin.logentry", "pk": 453, "fields": {"action_time": "2021-03-02T14:40:23.488Z", "user": 1, "content_type": 47, "object_id": "36", "object_repr": "More Earning Income", "action_flag": 1, "change_message": "[{\"added\": {}}]"}}]